Unnamed: 0,Name,Team,Type,W,L,SV,G,IP,K/9,BB/9,HR/9,ERA,FIP,WAR,Salary (Per Season)
1,Tarik Skubal,DET,Pitcher,10,3,0,19,121,11.38,1.19,0.67,2.23,2.02,4.7,10150000
2,Garrett Crochet,BOS,Pitcher,10,4,0,20,129.1,11.13,2.37,0.7,2.23,2.4,4.3,3800000
3,Paul Skenes,PIT,Pitcher,4,8,0,20,121,9.74,2.23,0.45,2.01,2.4,4,875000
4,Zack Wheeler,PHI,Pitcher,9,3,0,19,122,11.36,1.92,0.96,2.36,2.68,3.7,42000000
5,Logan Webb,SFG,Pitcher,9,6,0,20,125.2,9.95,2.01,0.64,2.94,2.52,3.4,12000000
6,Cristopher Sánchez,PHI,Pitcher,8,2,0,19,115,9.55,2.5,0.55,2.5,2.74,3.2,2050000
7,Kris Bubic,KCR,Pitcher,7,6,0,18,108.2,9.36,2.82,0.5,2.48,2.74,3.1,3000000
8,MacKenzie Gore,WSN,Pitcher,4,8,0,19,110.1,11.26,2.85,0.9,3.02,2.91,3.1,2890000
9,Jesús Luzardo,PHI,Pitcher,8,5,0,19,104.1,10.52,3.11,0.6,4.14,2.68,3.1,6625000
10,Sonny Gray,STL,Pitcher,9,3,0,19,108,9.83,1.58,0.83,3.5,2.71,3,25000000
11,Framber Valdez,HOU,Pitcher,10,4,0,19,121,9.3,3.05,0.6,2.75,3.02,3,18000000
12,Nathan Eovaldi,TEX,Pitcher,7,3,0,16,91,9.3,1.38,0.49,1.58,2.36,3,22100000
13,Hunter Brown,HOU,Pitcher,9,4,0,19,115,10.72,2.66,0.94,2.43,3.02,3,870000
14,Max Fried,NYY,Pitcher,11,3,0,20,122,8.34,1.99,0.66,2.43,3.02,2.9,14500000
15,Nick Pivetta,SDP,Pitcher,9,2,0,19,109.1,10.04,2.39,0.99,2.88,3.1,2.7,2500000
16,Matthew Boyd,CHC,Pitcher,10,3,0,19,111.2,8.22,1.85,0.81,2.34,3.17,2.7,10000000
17,Jacob deGrom,TEX,Pitcher,9,2,0,19,112.1,9.05,1.92,1.04,2.32,3.27,2.7,40100000
18,Mitch Keller,PIT,Pitcher,3,10,0,20,119,6.96,2.04,0.68,3.48,3.33,2.6,15411500
19,Joe Ryan,MIN,Pitcher,9,4,0,19,109.1,9.96,1.89,0.99,2.72,3.2,2.6,3000000
20,Chris Sale,ATL,Pitcher,5,4,0,15,89.1,11.49,2.62,0.71,2.52,2.66,2.5,22000000
21,José Soriano,LAA,Pitcher,6,7,0,20,113,7.81,4.38,0.32,3.9,3.35,2.4,790000
22,Yoshinobu Yamamoto,LAD,Pitcher,7,7,0,18,99.1,10.15,3.17,0.91,2.63,3.25,2.4,18333333
23,Ranger Suárez,PHI,Pitcher,7,3,0,13,83.2,8.39,2.37,0.65,2.15,2.97,2.4,8800000
24,Bryan Woo,SEA,Pitcher,8,4,0,18,114.2,8.56,1.65,1.1,2.75,3.4,2.3,783300
25,Freddy Peralta,MIL,Pitcher,11,4,0,20,111.2,9.51,2.98,0.97,2.66,3.55,2.3,8100000
26,Spencer Schwellenbach,ATL,Pitcher,7,4,0,17,110.2,8.78,1.46,1.06,3.09,3.2,2.3,770000
27,Andrew Abbott,CIN,Pitcher,8,1,0,16,91.1,8.18,2.36,0.99,2.07,3.51,2.1,770000
28,Carlos Rodón,NYY,Pitcher,10,6,0,20,119.2,10.15,3.08,1.13,3.08,3.58,2.1,27833333
29,Merrill Kelly,ARI,Pitcher,8,5,0,20,116,8.77,2.56,1.01,3.34,3.47,2.1,7000000
30,David Peterson,NYM,Pitcher,6,4,0,18,109,7.68,3.06,0.58,3.06,3.37,2.1,4625000
31,Chad Patrick,MIL,Pitcher,3,7,0,19,94.2,9.03,2.85,0.95,3.52,3.53,2,740000
32,Robbie Ray,SFG,Pitcher,9,3,0,20,119,9.68,3.33,0.98,2.65,3.49,1.9,25000000
33,Yusei Kikuchi,LAA,Pitcher,4,6,0,20,113,9.16,3.9,1.12,3.11,3.98,1.9,21225000
34,Michael Wacha,KCR,Pitcher,4,9,0,19,106,7.13,2.8,0.93,3.74,3.87,1.8,18000000
35,Dylan Cease,SDP,Pitcher,3,9,0,19,103.1,11.24,3.4,1.31,4.88,3.69,1.8,13750000
36,Kodai Senga,NYM,Pitcher,7,3,0,14,77.2,8.58,3.82,0.46,1.39,3.16,1.8,15000000
37,Aroldis Chapman,BOS,Pitcher,3,2,17,41,38,13.74,2.37,0.47,1.18,1.5,1.8,10750000
38,Will Warren,NYY,Pitcher,6,5,0,20,95.1,10.57,4.15,0.85,4.63,3.41,1.8,767600
39,Matthew Liberatore,STL,Pitcher,6,7,0,18,100.1,7.18,1.97,0.9,4.13,3.5,1.8,775800
40,Robert Suarez,SDP,Pitcher,2,4,28,43,40.2,9.52,2.66,0.22,3.54,2.25,1.7,10000000
41,Chris Bassitt,TOR,Pitcher,9,4,0,20,107,8.75,2.44,1.09,4.12,3.78,1.7,22000000
42,Randy Rodríguez,SFG,Pitcher,3,1,1,41,41.2,11.88,1.73,0.22,0.86,1.4,1.7,770000
43,Kyle Freeland,COL,Pitcher,1,10,0,17,89.1,6.75,2.22,0.91,5.44,3.7,1.7,16000000
44,Tyler Mahle,TEX,Pitcher,6,3,0,14,77,6.55,3.16,0.47,2.34,3.35,1.7,16500000
45,Dean Kremer,BAL,Pitcher,8,7,0,19,108.1,7.31,2.24,1.16,4.24,3.91,1.7,2950000
46,Cole Ragans,KCR,Pitcher,2,3,0,10,48.2,14.05,2.96,0.92,5.18,2.4,1.6,1083333
47,Janson Junk,MIA,Pitcher,4,1,1,10,50.1,6.79,0.72,0.18,2.68,2.13,1.6,760000
48,Kevin Gausman,TOR,Pitcher,6,7,0,19,109.2,8.53,2.79,1.15,4.19,3.86,1.6,23000000
49,Nick Martinez,CIN,Pitcher,7,9,0,21,111,6.16,2.03,1.14,4.78,4.14,1.6,21050000
50,Pablo López,MIN,Pitcher,5,3,0,11,60.2,9.05,2.08,0.74,2.82,2.98,1.6,21750000
51,Drew Rasmussen,TBR,Pitcher,7,5,0,19,91.1,7.59,2.17,0.99,2.86,3.67,1.6,2250000
52,Adrian Houser,CHW,Pitcher,5,2,0,9,57.2,6.09,2.81,0.31,1.56,3.12,1.6,1375000
53,Nick Lodolo,CIN,Pitcher,6,6,0,19,106.2,8.18,1.86,1.27,3.38,4.02,1.5,1975000
54,Adrian Morejon,SDP,Pitcher,7,4,2,47,43.2,8.66,1.85,0.21,1.85,2.07,1.5,2000000
55,Brady Singer,CIN,Pitcher,7,7,0,19,100,8.28,3.6,0.99,4.32,4.02,1.5,8750000
56,Hunter Greene,CIN,Pitcher,4,3,0,11,59.2,11.01,2.11,1.36,2.72,3.4,1.5,6333333
57,Luis Castillo,SEA,Pitcher,6,5,0,19,108.1,7.73,2.82,1,3.41,3.83,1.5,24150000
58,Tylor Megill,NYM,Pitcher,5,5,0,14,68.1,11.72,4.35,0.79,3.95,3.37,1.5,1975000
59,Griffin Jax,MIN,Pitcher,1,4,0,44,41.1,14.37,2.18,0.87,3.92,1.87,1.4,740000
60,Michael King,SDP,Pitcher,4,2,0,10,55.2,10.35,2.75,0.97,2.59,3.21,1.4,4000000
61,Logan Gilbert,SEA,Pitcher,2,3,0,12,61,12.98,2.21,1.33,3.39,2.95,1.4,7625000
62,Hoby Milner,TEX,Pitcher,1,2,0,44,46,7.83,2.54,0,2.35,2.19,1.4,2500000
63,Ryan Pepiot,TBR,Pitcher,6,7,0,20,114.1,8.66,2.91,1.42,3.38,4.31,1.4,774600
64,Taj Bradley,TBR,Pitcher,5,6,0,19,103.2,7.73,3.47,1.04,4.6,4.14,1.4,774200
65,Luis Severino,ATH,Pitcher,2,11,0,20,113.1,6.43,3.02,0.95,5.16,4.33,1.4,20000000
66,Jhoan Duran,MIN,Pitcher,5,4,15,44,43.1,10.18,3.32,0,1.66,2.14,1.3,4125000
67,Cade Smith,CLE,Pitcher,2,3,3,43,41,13.39,3.51,0.44,3.07,2.06,1.3,785100
68,Lucas Giolito,BOS,Pitcher,6,1,0,13,72.1,7.96,2.61,1,3.36,3.62,1.3,19000000
69,José Berríos,TOR,Pitcher,5,4,0,20,115.1,7.57,3.2,1.17,3.75,4.29,1.3,19000000
70,Casey Mize,DET,Pitcher,9,3,0,16,88.2,7.82,2.23,1.22,3.15,3.88,1.3,2340000
71,Bryan Abreu,HOU,Pitcher,3,3,0,42,42.1,14.03,4.25,0.64,1.7,2.44,1.3,3450000
72,Andrés Muñoz,SEA,Pitcher,3,1,21,37,36,11.5,3.5,0.25,1.5,2.22,1.3,740000
73,Reese Olson,DET,Pitcher,4,3,0,11,58,8.53,3.41,0.47,2.95,3.2,1.2,787100
74,Clarke Schmidt,NYY,Pitcher,4,4,0,14,78.2,8.35,3.43,1.03,3.32,3.9,1.2,3600000
75,Edward Cabrera,MIA,Pitcher,3,4,0,16,82.1,9.4,3.28,0.98,3.61,3.69,1.2,1950000
76,Germán Márquez,COL,Pitcher,3,10,0,19,95.1,6.7,2.93,1.13,5.57,4.36,1.2,10000000
77,Noah Cameron,KCR,Pitcher,3,4,0,12,70,7.46,2.83,0.9,2.31,3.67,1.2,760000
78,Jack Dreyer,LAD,Pitcher,2,2,0,36,47.1,8.75,3.61,0.19,2.85,2.62,1.2,760000
79,Edwin Díaz,NYM,Pitcher,4,0,19,37,38,13.03,3.08,0.47,1.66,2.13,1.2,21550000
80,Landen Roupp,SFG,Pitcher,6,6,0,19,96.1,8.31,3.83,0.75,3.27,3.65,1.2,765000
81,Trevor Williams,WSN,Pitcher,3,10,0,17,82.2,7.08,2.29,1.2,6.21,4.07,1.2,7000000
82,Trevor Rogers,BAL,Pitcher,2,1,0,6,35.1,8.15,2.55,0.25,1.53,2.57,1.2,2600000
83,Bennett Sousa,HOU,Pitcher,3,0,3,30,37.1,10.85,1.93,0.24,2.17,1.66,1.1,760000
84,Chris Paddack,MIN,Pitcher,3,8,0,19,100,6.3,2.25,1.26,4.95,4.34,1.1,7500000
85,Shane Baz,TBR,Pitcher,8,5,0,19,110,8.75,3.27,1.39,4.17,4.4,1.1,1450000
86,Ben Casparius,LAD,Pitcher,7,3,0,27,61.2,8.46,1.75,1.02,4.52,3.31,1.1,762500
87,Shane Smith,CHW,Pitcher,3,7,0,18,86.2,8.41,3.84,0.93,4.26,4.19,1.1,760000
88,Will Vest,DET,Pitcher,5,1,15,40,43,10.05,3.14,0.42,2.3,2.5,1.1,1400000
89,Emmanuel Clase,CLE,Pitcher,5,2,20,43,43.1,8.72,2.08,0.21,2.91,2.41,1.1,4900000
90,Steven Matz,STL,Pitcher,5,2,1,28,51,7.94,1.59,0.71,3.35,2.93,1.1,12500000
91,David Bednar,PIT,Pitcher,2,5,13,36,32,12.66,2.53,0.56,2.53,2.02,1.1,5900000
92,Brendon Little,TOR,Pitcher,4,1,0,45,44.1,13.2,5.68,0.2,2.03,2.41,1.1,771800
93,Seth Lugo,KCR,Pitcher,6,5,0,17,101,7.84,2.76,1.34,2.67,4.28,1,15000000
94,Sean Newcomb,2 Tms,Pitcher,2,4,0,27,64.1,8.95,3.5,0.56,3.5,3.25,1,1000000
95,Eury Pérez,MIA,Pitcher,3,2,0,7,34,9.26,2.91,0.53,3.18,2.85,1,769500
96,Steven Okert,HOU,Pitcher,1,2,1,39,42.2,10.55,1.48,0.84,2.32,2.59,1,1200000
97,Dennis Santana,PIT,Pitcher,3,2,5,40,40.1,6.47,1.56,0.22,1.56,2.49,1,1400000
98,Clay Holmes,NYM,Pitcher,8,4,0,19,103.1,7.23,3.57,0.96,3.31,4.22,1,13000000
99,Jason Adam,SDP,Pitcher,6,3,0,47,47.2,9.82,3.97,0.38,1.7,2.89,1,4800000
100,Ryan Gusto,HOU,Pitcher,6,3,0,20,74.2,9.16,3.13,1.33,4.58,4.09,1,760000
101,Jake Bird,COL,Pitcher,3,1,0,40,49.2,10.69,3.81,0.54,3.62,2.94,1,770000
102,Louis Varland,MIN,Pitcher,3,3,0,46,44.2,8.66,2.22,0.6,1.81,2.9,1,768150
103,Trevor Megill,MIL,Pitcher,2,2,21,36,33.2,11.5,4.01,0.53,2.41,2.64,1,1940000
104,Nick Mears,MIL,Pitcher,1,2,0,41,37.1,7.47,1.21,0.48,2.41,2.52,1,963000
105,Danny Coulombe,MIN,Pitcher,1,0,2,35,26.2,9.79,2.36,0,0.68,1.69,0.9,3000000
106,Pete Fairbanks,TBR,Pitcher,4,3,15,37,36,7.75,3.75,0.25,2.75,2.97,0.9,3817000
107,Josh Hader,HOU,Pitcher,5,2,25,40,42.2,13.71,1.9,1.69,2.53,3.25,0.9,19075000
108,Garrett Whitlock,BOS,Pitcher,5,1,1,35,45.1,11.32,3.77,0.4,3.38,2.66,0.9,5500000
109,Spencer Strider,ATL,Pitcher,3,7,0,11,61.2,10.8,3.5,1.17,3.94,3.73,0.9,4000000
110,Hunter Dobbins,BOS,Pitcher,4,1,0,13,61,6.64,2.51,0.89,4.13,3.82,0.9,760000
111,Ben Brown,CHC,Pitcher,4,5,0,15,76.2,10.1,2.82,1.53,6.1,4.14,0.9,740000
112,Griffin Canning,NYM,Pitcher,7,3,0,16,76.1,8.25,4.13,0.94,3.77,3.99,0.9,4250000
113,Jeremiah Estrada,SDP,Pitcher,3,4,3,46,43,12.56,3.35,1.05,2.93,3.06,0.9,776500
114,Patrick Corbin,TEX,Pitcher,6,7,0,17,93.1,7.14,2.6,1.35,4.15,4.35,0.9,1100000
115,Phil Maton,STL,Pitcher,1,3,2,37,35.1,11.46,3.57,0.25,2.55,2.52,0.9,2000000
116,Brayan Bello,BOS,Pitcher,6,3,0,16,91.2,6.87,3.34,0.88,3.14,4.21,0.9,2666666
117,Mason Miller,ATH,Pitcher,1,2,19,35,35.2,14.38,4.29,1.01,4.04,2.86,0.9,765000
118,Bryan King,HOU,Pitcher,3,1,0,40,39,9.92,1.85,0.69,2.77,2.72,0.9,766400
119,Jack Flaherty,DET,Pitcher,5,9,0,19,100.2,11.09,3.58,1.7,4.65,4.35,0.9,25000000
120,Brad Lord,WSN,Pitcher,2,5,0,35,65,7.75,3.18,0.69,3.46,3.56,0.9,760000
121,Michael Soroka,WSN,Pitcher,3,7,0,13,67.1,9.89,2.54,1.34,5.35,4.11,0.9,9000000
122,Luis L. Ortiz,CLE,Pitcher,4,9,0,16,88.2,9.74,4.26,1.22,4.36,4.13,0.9,782600
123,Kyle Hendricks,LAA,Pitcher,5,6,0,18,96,6.09,2.25,1.5,4.88,4.77,0.9,2500000
124,Devin Williams,NYY,Pitcher,3,3,13,39,35.1,11.72,3.57,0.25,4.58,2.37,0.9,8600000
125,Eric Lauer,TOR,Pitcher,4,2,0,14,55,9.49,2.62,0.98,2.78,3.37,0.9,2200000
126,Fernando Cruz,NYY,Pitcher,2,3,2,32,33,14.73,3.82,0.82,3,2.45,0.8,785000
127,Mitchell Parker,WSN,Pitcher,5,10,0,19,102,5.82,3.53,1.15,5.12,4.71,0.8,767200
128,Abner Uribe,MIL,Pitcher,2,1,1,46,46.1,11.65,3.3,0.78,2.33,2.97,0.8,762200
129,Matt Strahm,PHI,Pitcher,1,3,6,41,38.1,10.33,2.82,0.94,3.29,3.08,0.8,7500000
130,Simeon Woods Richardson,MIN,Pitcher,5,4,0,15,73,7.64,3.45,1.23,3.95,4.4,0.8,768250
131,Tanner Bibee,CLE,Pitcher,5,9,0,19,109,7.84,2.72,1.4,4.29,4.47,0.8,3400000
132,José Alvarado,PHI,Pitcher,4,1,7,20,20,11.25,1.8,0.45,2.7,1.83,0.8,9016667
133,Gabe Speier,SEA,Pitcher,2,1,0,42,36.2,12.52,2.21,0.98,2.7,2.62,0.8,845000
134,Grant Holmes,ATL,Pitcher,4,8,0,20,105,10.2,4.29,1.29,3.77,4.24,0.8,770000
135,Tyler Alexander,2 Tms,Pitcher,4,9,1,30,60.2,6.97,2.82,0.59,4.75,3.38,0.8,760000
136,Cade Povich,BAL,Pitcher,2,5,0,13,64.2,9.46,3.2,1.39,5.15,4.1,0.8,766100
137,Cal Quantrill,MIA,Pitcher,3,8,0,18,81.2,7.38,2.64,1.32,5.62,4.38,0.8,3500000
138,Daniel Palencia,CHC,Pitcher,0,2,12,33,34.1,10.22,2.88,0.52,1.57,2.62,0.8,760000
139,Michael Lorenzen,KCR,Pitcher,5,8,0,18,99.2,7.68,2.62,1.54,4.61,4.53,0.8,5500000
140,Jack Leiter,TEX,Pitcher,5,6,0,16,80.1,7.73,4.26,1.12,4.37,4.48,0.8,762500
141,Davis Martin,CHW,Pitcher,2,7,0,14,80.2,5.91,2.12,1.34,3.79,4.56,0.8,765450
142,Grant Taylor,CHW,Pitcher,0,1,3,13,16.1,10.47,2.2,0,4.41,1.49,0.8,760000
143,Logan Allen,CLE,Pitcher,6,7,0,18,90,7,3.8,1.1,4,4.45,0.8,777200
144,Tyler Rogers,SFG,Pitcher,4,2,0,48,46.1,6.6,0.78,0.58,1.55,2.72,0.7,5250000
145,Graham Ashcraft,CIN,Pitcher,5,4,0,34,39.2,9.3,3.86,0.45,3.63,2.96,0.7,780000
146,Brock Stewart,MIN,Pitcher,1,1,0,34,29.1,11.66,3.07,0.61,2.45,2.6,0.7,870000
147,Caleb Ferguson,PIT,Pitcher,2,1,0,41,40,6.98,3.15,0,2.7,2.96,0.7,3000000
148,Mark Leiter Jr.,NYY,Pitcher,4,6,2,41,34.1,12.06,3.15,0.79,4.46,2.76,0.7,2050000
149,Carlos Estévez,KCR,Pitcher,4,2,25,41,42,7.5,3.21,0.64,2.36,3.63,0.7,10100000
150,Braydon Fisher,TOR,Pitcher,3,0,0,27,28.1,11.44,2.22,0.64,2.22,2.41,0.7,760000
151,George Kirby,SEA,Pitcher,4,4,0,10,54,9.33,2,1.33,4.5,3.77,0.7,4300000
152,Lucas Erceg,KCR,Pitcher,4,2,1,38,37.2,7.41,2.39,0.48,2.15,3.16,0.7,776750
153,Jose A. Ferrer,WSN,Pitcher,2,3,0,46,48.1,7.26,1.86,0.56,5.03,3.21,0.7,740000
154,Tanner Banks,PHI,Pitcher,2,1,1,40,41,9,1.1,1.1,3.29,3.03,0.7,785500
155,Justin Wilson,BOS,Pitcher,2,1,0,37,29,10.55,4.34,0.31,2.48,2.74,0.7,2250000
156,Reed Garrett,NYM,Pitcher,2,4,3,39,37.2,9.8,4.78,0.48,2.87,3.19,0.7,950000
157,Chris Martin,TEX,Pitcher,0,5,2,37,32.2,9.37,1.38,1.1,2.2,3.05,0.7,5500000
158,Miles Mikolas,STL,Pitcher,5,6,0,18,93,6.39,2.03,1.45,4.94,4.5,0.7,17666667
159,Corbin Burnes,ARI,Pitcher,3,2,0,11,64.1,8.81,3.64,0.98,2.66,3.89,0.7,30833333
160,Eduardo Rodriguez,ARI,Pitcher,3,6,0,16,80.1,10.08,3.25,1.79,5.94,4.55,0.7,20000000
161,Justin Verlander,SFG,Pitcher,0,7,0,15,76.2,7.87,3.05,1.17,4.7,4.16,0.7,15000000
162,Clayton Kershaw,LAD,Pitcher,4,1,0,10,50.2,6.22,2.66,1.07,3.38,4.19,0.7,7500000
163,Ryne Nelson,ARI,Pitcher,5,2,1,20,78.1,7.47,2.87,0.92,3.68,3.82,0.7,825000
164,Stephen Kolek,SDP,Pitcher,3,4,0,12,68,6.49,2.91,0.93,4.24,4.21,0.7,740000
165,Jordan Hicks,2 Tms,Pitcher,1,5,1,17,52.1,7.91,3.78,0.52,6.36,3.56,0.7,12500000
166,Tyler Anderson,LAA,Pitcher,2,6,0,19,101.2,7.26,3.45,1.5,4.34,4.88,0.7,13000000
167,Manuel Rodríguez,TBR,Pitcher,1,2,0,31,30.1,7.42,1.78,0.59,2.08,2.98,0.7,769400
168,Jeffrey Springs,ATH,Pitcher,8,6,0,20,110,7.04,3.11,1.55,3.93,4.83,0.7,10500000
169,Logan Henderson,MIL,Pitcher,3,0,0,4,21,12.43,2.57,1.29,1.71,3.03,0.6,740000
170,Jose Quintana,MIL,Pitcher,6,3,0,13,71.1,6.06,3.91,0.88,3.28,4.36,0.6,2000000
171,JP Sears,ATH,Pitcher,7,7,0,19,97.2,7.28,2.21,1.75,4.79,4.88,0.6,770000
172,Jacob Lopez,ATH,Pitcher,3,5,0,14,55.2,11.16,3.4,1.46,4.2,4.27,0.6,760000
173,Félix Bautista,BAL,Pitcher,1,1,18,34,33.2,12.83,5.35,0.8,2.41,3.17,0.6,1000000
174,Taijuan Walker,PHI,Pitcher,3,5,1,20,58.1,7.56,3.7,1.08,3.55,4.3,0.6,18000000
175,Alex Vesia,LAD,Pitcher,2,0,2,45,38.2,12.8,2.33,1.63,2.56,3.6,0.6,2250000
176,Reid Detmers,LAA,Pitcher,3,2,2,40,43.1,10.8,3.95,0.83,4.15,3.27,0.6,1825000
177,Dustin May,LAD,Pitcher,5,6,0,17,94.1,8.4,3.82,1.43,4.96,4.78,0.6,2135000
178,Jacob Latz,TEX,Pitcher,1,0,1,21,48,9,3.94,0.75,3,3.48,0.6,760000
179,Charlie Morton,BAL,Pitcher,5,7,0,20,83.1,9.5,4.1,1.19,5.18,4.34,0.6,15000000
180,Caleb Thielbar,CHC,Pitcher,2,2,1,39,34.1,8.13,2.88,0.52,2.36,2.99,0.6,2750000
181,Ronel Blanco,HOU,Pitcher,3,4,0,9,48.1,8.94,3.72,1.3,4.1,4.22,0.6,802700
182,Zack Littell,TBR,Pitcher,8,7,0,19,116.1,6.19,1.32,1.86,3.56,4.96,0.6,5720000
183,Justin Topa,MIN,Pitcher,1,3,0,34,37.2,7.41,2.39,0.24,3.82,2.74,0.6,1225000
184,Kyle Finnegan,WSN,Pitcher,1,3,18,35,34.2,7.01,3.12,0.52,3.12,3.4,0.6,6000000
185,Drew Pomeranz,CHC,Pitcher,2,1,1,29,25.2,9.12,3.16,0,0.7,2.58,0.6,1500000
186,David Festa,MIN,Pitcher,3,3,0,10,48,9,3.38,1.31,5.25,4.35,0.6,760000
187,Shelby Miller,ARI,Pitcher,3,3,10,37,36.1,9.91,2.72,0.74,1.98,3.11,0.6,1000000
188,Cole Sands,MIN,Pitcher,3,3,2,40,39,6.69,2.08,0.69,4.15,3.36,0.6,778050
189,Brandon Walter,HOU,Pitcher,1,2,0,7,40.2,8.85,0.44,1.77,3.98,4.04,0.6,760000
190,Zebby Matthews,MIN,Pitcher,1,1,0,4,19,11.84,3.79,0.95,5.21,3.08,0.6,760000
191,Quinn Priester,MIL,Pitcher,7,2,0,17,88.2,7.11,3.25,1.12,3.55,4.23,0.6,760000
192,Colton Gordon,HOU,Pitcher,3,2,0,11,52,7.62,1.56,1.73,4.67,4.47,0.5,760000
193,Justin Wrobleski,LAD,Pitcher,4,3,0,8,40,9,2.25,1.13,4.5,3.46,0.5,740000
194,Emmet Sheehan,LAD,Pitcher,1,0,0,3,13.1,8.78,2.7,0,2.03,2.03,0.5,780000
195,Robert Garcia,TEX,Pitcher,1,5,6,42,36.2,9.33,3.68,0.74,2.95,3.3,0.5,772500
196,AJ Smith-Shawver,ATL,Pitcher,3,2,0,9,44.1,8.53,4.26,0.81,3.86,3.85,0.5,770000
197,José Buttó,NYM,Pitcher,2,1,1,31,43.2,8.04,4.12,0.41,2.47,3.33,0.5,740000
198,Shota Imanaga,CHC,Pitcher,6,3,0,11,64,6.47,1.69,1.55,2.81,4.49,0.5,13250000
199,Ronny Henriquez,MIA,Pitcher,5,1,5,42,45,12.6,3.2,1.4,2.6,3.57,0.5,778000
200,Brenan Hanifee,DET,Pitcher,3,2,0,40,45.2,5.91,2.17,0.39,3.35,3.13,0.5,766000
201,Jared Koenig,MIL,Pitcher,3,1,0,45,39,8.77,3,0.69,3.69,3.21,0.5,776300
202,Orion Kerkering,PHI,Pitcher,5,4,2,41,35.2,8.58,4.79,0.5,2.78,3.84,0.5,773000
203,Max Meyer,MIA,Pitcher,3,5,0,12,64.2,9.46,2.78,1.67,4.73,4.41,0.5,768000
204,Seranthony Domínguez,BAL,Pitcher,2,2,2,39,38.1,11.97,5.17,0.94,3.29,3.5,0.5,8000000
205,Michael McGreevy,STL,Pitcher,1,1,0,4,21.1,6.75,1.27,0.84,4.22,3.36,0.5,740000
206,Shawn Armstrong,TEX,Pitcher,3,3,3,40,42,9,3,0.86,3.21,3.53,0.5,1250000
207,Valente Bellozo,MIA,Pitcher,1,3,0,17,50.2,6.22,2.66,0.89,3.55,4.05,0.5,800000
208,Pierce Johnson,ATL,Pitcher,1,3,1,36,33.2,9.62,2.67,0.8,2.67,3.08,0.5,7000000
209,Tanner Scott,LAD,Pitcher,1,2,18,44,43,10.05,1.67,1.67,4.19,3.9,0.5,12824193
210,Justin Slaten,BOS,Pitcher,1,4,3,24,23.1,6.17,2.7,0.39,3.47,3.17,0.5,776000
211,Emilio Pagán,CIN,Pitcher,2,2,20,40,40,11.25,2.93,1.58,2.93,3.91,0.5,8000000
212,Jonathan Cannon,CHW,Pitcher,3,7,0,15,77,7.13,3.39,1.4,4.44,4.85,0.5,769100
213,Joe Boyle,TBR,Pitcher,1,0,0,3,14,9.64,3.21,0,1.29,2.22,0.5,760000
214,Sandy Alcantara,MIA,Pitcher,4,9,0,18,91,7.02,3.66,1.19,7.22,4.59,0.5,17300000
215,Bailey Falter,PIT,Pitcher,6,4,0,19,97.1,5.46,3.14,1.29,3.79,4.82,0.5,2222000
216,Gregory Soto,BAL,Pitcher,0,2,0,42,33.2,10.69,4.01,0.53,3.74,3.26,0.5,5350000
217,Ryan Walker,SFG,Pitcher,2,3,10,41,37.1,8.44,2.17,0.48,4.1,3.03,0.4,780000
218,Enyel De Los Santos,ATL,Pitcher,3,2,0,38,39,8.31,3.23,0.46,3.46,3.13,0.4,1400000
219,Carmen Mlodzinski,PIT,Pitcher,2,6,0,16,57,6.79,2.53,1.26,4.74,4.35,0.4,775000
220,Jimmy Herget,COL,Pitcher,0,1,0,34,49,7.35,3.31,0.73,2.94,3.8,0.4,850000
221,Shohei Ohtani,LAD,Pitcher,0,0,0,5,9,10,2,0,1,1.53,0.4,28216944
222,Matt Brash,SEA,Pitcher,1,0,1,24,21.2,9.55,2.91,0.42,0.83,2.81,0.4,777600
223,Lake Bachar,MIA,Pitcher,4,0,1,31,44.2,9.47,4.23,0.6,3.02,3.46,0.4,762500
224,Dylan Lee,ATL,Pitcher,1,3,2,44,42.1,9.57,2.13,1.28,2.55,3.51,0.4,1025000
225,Eric Orze,TBR,Pitcher,1,1,3,31,39.2,8.62,3.4,0.91,2.72,3.76,0.4,740000
226,Slade Cecconi,CLE,Pitcher,4,4,0,10,55,9.16,2.95,1.47,3.44,4.26,0.4,765000
227,Bryce Miller,SEA,Pitcher,2,5,0,10,48.2,7.21,4.25,0.92,5.73,4.42,0.4,800000
228,Brad Keller,CHC,Pitcher,3,1,0,40,42,8.57,3,0.64,3.21,3.46,0.4,1500000
229,Colin Rea,CHC,Pitcher,7,3,1,19,92,6.36,2.25,1.57,3.91,4.78,0.4,4250000
230,Aaron Bummer,ATL,Pitcher,1,2,0,31,39.1,9.61,3.2,0.69,3.89,3.39,0.4,3500000
231,Steven Cruz,KCR,Pitcher,2,1,0,37,37,7.78,2.68,0.73,2.68,3.38,0.4,760000
232,Brennan Bernardino,BOS,Pitcher,3,2,0,41,38.2,7.45,4.42,0.23,3.49,3.47,0.4,774000
233,Ryan Brasier,CHC,Pitcher,0,0,0,16,15.1,6.46,1.17,0,0.59,2.04,0.4,4500000
234,Cade Horton,CHC,Pitcher,3,3,0,11,56.2,6.83,2.86,1.11,4.45,4.39,0.4,760000
235,Ryan Feltner,COL,Pitcher,0,2,0,6,30.1,7.42,3.56,1.19,4.75,4.33,0.4,740000
236,Andrew Heaney,PIT,Pitcher,4,8,0,19,98,6.7,3.03,1.65,4.59,5.11,0.4,5250000
237,Brandon Eisert,CHW,Pitcher,2,2,2,41,40.1,9.82,2.23,1.34,4.69,3.95,0.4,760800
238,Steven Wilson,CHW,Pitcher,2,1,1,31,29.1,8.59,4.91,0.61,2.15,3.9,0.4,950000
239,Wandy Peralta,SDP,Pitcher,3,1,0,42,42.1,8.5,4.68,0.43,3.61,3.37,0.4,4250000
240,Jacob Misiorowski,MIL,Pitcher,4,1,0,5,25.2,11.57,3.86,1.4,2.81,3.82,0.4,760000
241,Tony Santillan,CIN,Pitcher,1,3,2,47,44,7.77,3.27,1.02,3.07,4.06,0.4,1000000
242,Bailey Ober,MIN,Pitcher,4,6,0,17,92,7.24,2.15,2.05,5.28,5.29,0.4,3550000
243,Scott Barlow,CIN,Pitcher,3,0,0,46,42.2,9.7,5.48,0.63,3.8,3.88,0.4,2500000
244,Andre Pallante,STL,Pitcher,5,5,0,18,100.1,5.74,2.87,1.26,4.49,4.61,0.3,2100000
245,JoJo Romero,STL,Pitcher,3,3,0,36,29.1,7.98,4.6,0.31,2.45,3.39,0.3,2260000
246,Martín Pérez,CHW,Pitcher,1,1,0,4,20,8.1,4.95,0.45,3.15,3.73,0.3,3500000
247,Sam Bachman,LAA,Pitcher,1,2,0,12,11,9,3.27,0,3.27,2.17,0.3,780000
248,Ben Lively,CLE,Pitcher,2,2,0,9,44.2,5.84,3.02,1.21,3.22,4.54,0.3,2250000
249,Sean Burke,CHW,Pitcher,4,8,0,19,97,7.42,3.99,1.48,4.36,5.06,0.3,760350
250,Gordon Graceffo,STL,Pitcher,3,0,1,12,21,9,1.71,0.43,6,2.42,0.3,760000
251,Braxton Ashcraft,PIT,Pitcher,2,0,0,11,22,7.77,2.45,0.41,2.05,2.76,0.3,760000
252,Camilo Doval,SFG,Pitcher,4,2,15,43,42.2,8.44,4.64,0.42,2.95,3.43,0.3,4525000
253,Juan Mejia,COL,Pitcher,1,0,0,29,34,8.47,2.65,1.06,3.97,3.7,0.3,760000
254,Matt Festa,CLE,Pitcher,2,2,0,31,27.2,6.51,2.6,0.33,4.88,3.19,0.3,760000
255,Ryan Pressly,CHC,Pitcher,2,2,5,37,34.2,6.23,2.6,0.52,3.38,3.49,0.3,14000000
256,A.J. Minter,NYM,Pitcher,0,0,0,13,11,11.45,4.09,0,1.64,1.9,0.3,11000000
257,Kolby Allard,CLE,Pitcher,2,1,0,17,36.2,3.93,2.45,0.49,2.45,3.74,0.3,1000000
258,Aaron Ashby,MIL,Pitcher,1,0,1,13,21.2,10.8,2.91,0.42,1.66,2.67,0.3,3450000
259,Tanner Gordon,COL,Pitcher,1,2,0,3,17,5.29,1.59,1.06,4.24,3.96,0.3,740000
260,Gavin Williams,CLE,Pitcher,5,4,0,19,97.1,8.78,5.27,1.29,3.7,4.82,0.3,780300
261,Kyle Leahy,STL,Pitcher,2,1,0,38,49.1,6.93,3.1,0.73,3.1,3.69,0.3,767000
262,Mason Englert,TBR,Pitcher,0,0,0,15,24.1,8.14,1.48,0.74,4.44,2.96,0.3,763400
263,Chase Burns,CIN,Pitcher,0,1,0,4,16,14.06,5.06,1.69,6.19,4.08,0.3,760000
264,Jorge López,WSN,Pitcher,6,0,1,26,24.2,6.2,2.55,0.36,6.57,3.45,0.3,740000
265,Max Kranick,NYM,Pitcher,3,2,0,24,37,6.08,1.22,1.22,3.65,3.89,0.3,771000
266,Kirby Yates,LAD,Pitcher,4,3,2,33,26.2,13.5,3.04,1.69,4.05,3.64,0.3,13000000
267,Jakob Junis,CLE,Pitcher,2,1,0,37,40,6.98,2.7,0.68,3.6,3.63,0.3,4500000
268,Yennier Cano,BAL,Pitcher,1,5,1,38,32.2,9.92,3.03,1.1,4.68,3.57,0.3,772900
269,Taylor Rogers,CIN,Pitcher,2,2,0,36,29.1,9.82,4.6,0.92,2.76,3.87,0.3,12000000
270,Shawn Dubin,HOU,Pitcher,2,0,0,18,20.1,7.97,3.1,0.89,1.33,3.77,0.3,770000
271,Ryan Bergert,SDP,Pitcher,1,0,0,10,31.2,8.53,3.98,1.14,2.84,4.25,0.3,740000
272,Angel Zerpa,KCR,Pitcher,3,1,0,41,40.1,8.48,2.9,0.89,3.79,3.6,0.3,779000
273,Rafael Montero,2 Tms,Pitcher,0,1,0,34,34,9.53,4.5,0.53,3.97,3.23,0.3,11500000
274,Grant Anderson,MIL,Pitcher,2,3,0,42,47.1,9.32,3.8,0.95,2.85,3.65,0.3,800000
275,Jameson Taillon,CHC,Pitcher,7,6,0,17,95.1,6.99,1.89,2.08,4.44,5.16,0.2,18000000
276,Joey Lucchesi,SFG,Pitcher,0,1,0,10,10,9,1.8,0,2.7,1.68,0.2,760000
277,Daysbel Hernández,ATL,Pitcher,4,1,0,30,30,9,7.2,0,2.1,3.68,0.2,770000
278,Justin Lawrence,PIT,Pitcher,1,0,0,11,11.1,11.91,4.76,0,0.79,2.55,0.2,975000
279,Brandon Pfaadt,ARI,Pitcher,9,6,0,19,99.1,7.61,2.08,1.54,5.16,4.58,0.2,799400
280,Hunter Gaddis,CLE,Pitcher,0,1,0,41,39,10.15,3.69,1.15,3.69,3.8,0.2,778900
281,Danny Young,NYM,Pitcher,0,0,0,10,8.1,14.04,3.24,0,4.32,1.4,0.2,825000
282,John Schreiber,KCR,Pitcher,2,2,0,43,37.1,9.64,2.89,1.45,3.13,3.99,0.2,2300000
283,Jalen Beeks,ARI,Pitcher,2,1,1,42,41,8.56,3.29,0.88,4.39,3.69,0.2,1250000
284,Erik Sabrowski,CLE,Pitcher,0,0,0,7,7.2,15.26,5.87,0,1.17,1.65,0.2,764700
285,Brent Suter,CIN,Pitcher,1,0,0,30,45.2,6.31,1.97,1.18,3.15,4.11,0.2,2250000
286,Collin Snider,SEA,Pitcher,2,1,0,24,26.1,8.2,2.05,1.03,5.47,3.65,0.2,773000
287,Ryne Stanek,NYM,Pitcher,2,5,1,37,31.2,10.23,5.12,0.85,4.55,3.75,0.2,4500000
288,Evan Phillips,LAD,Pitcher,0,0,1,7,5.2,9.53,3.18,0,0,2.02,0.2,6100000
289,Ryan Helsley,STL,Pitcher,3,1,19,33,33,9.82,3.82,1.09,3.27,3.84,0.2,8200000
290,Hunter Harvey,KCR,Pitcher,0,0,0,6,5.1,11.81,0,0,0,0.46,0.2,3700000
291,DL Hall,MIL,Pitcher,1,0,0,11,22.2,5.96,4.37,0.4,2.38,3.79,0.2,766100
292,Ryan Yarbrough,NYY,Pitcher,3,1,0,16,55.1,7.97,2.77,1.63,3.9,4.69,0.2,2000000
293,Jared Shuster,CHW,Pitcher,0,0,0,12,15.2,6.89,2.87,0,8.04,2.89,0.2,772350
294,Luis García,2 Tms,Pitcher,2,0,0,30,29.1,8.28,4.6,0.61,4.91,3.66,0.2,760000
295,Zack Kelly,BOS,Pitcher,1,3,0,17,22.2,9.93,3.57,0.79,5.56,3.61,0.2,740000
296,Brant Hurter,DET,Pitcher,2,3,2,29,44,9.61,3.89,0.82,3.27,3.9,0.2,767100
297,Sean Manaea,NYM,Pitcher,0,1,0,1,3.1,18.9,0,0,2.7,-1.12,0.2,20212526
298,Caleb Boushley,TEX,Pitcher,0,0,1,15,30.1,8.6,1.48,1.19,5.04,3.48,0.2,760000
299,Yariel Rodríguez,TOR,Pitcher,2,0,1,39,47.1,8.75,3.04,1.14,2.47,4.05,0.2,7000000
300,Michael Kopech,LAD,Pitcher,0,0,0,8,7,10.29,5.14,0,0,2.51,0.2,5200000
301,Isaac Mattson,PIT,Pitcher,2,1,0,16,19,9.95,3.32,1.42,1.89,4.03,0.2,760000
302,Brandon Woodruff,MIL,Pitcher,1,0,0,2,10.1,15.68,0,2.61,2.61,3.37,0.2,5000000
303,Tyler Gilbert,CHW,Pitcher,2,1,0,23,27.1,8.89,3.95,0.99,3.29,3.96,0.2,900000
304,Lazaro Estrada,TOR,Pitcher,0,0,0,1,4,9,0,0,2.25,1.08,0.2,740000
305,Garrett Cleavinger,TBR,Pitcher,0,4,1,38,34.1,12.06,2.62,1.57,2.62,4.07,0.2,1200000
306,Chris Devenski,NYM,Pitcher,0,0,0,8,9.1,6.75,1.93,0,1.93,2.55,0.2,1000000
307,Kumar Rocker,TEX,Pitcher,3,4,0,11,49.1,7.84,2.74,1.64,6.39,4.87,0.2,761500
308,Paul Blackburn,NYM,Pitcher,0,3,1,6,18.2,7.23,3.38,0.96,7.71,4.15,0.2,4050000
309,Hogan Harris,ATH,Pitcher,1,1,0,28,38,9.95,5.92,0.71,4.26,3.95,0.2,800000
310,Bryan Baker,2 Tms,Pitcher,3,3,2,43,39.1,11.44,2.52,1.83,4.12,4.02,0.2,768700
311,Hayden Wesneski,HOU,Pitcher,1,3,0,6,32,8.16,1.69,1.97,4.5,4.77,0.2,779800
312,Aaron Nola,PHI,Pitcher,1,7,0,9,49.2,9.42,2.9,1.99,6.16,5.01,0.2,24571428
313,Spencer Bivens,SFG,Pitcher,2,3,0,31,46,7.24,2.74,0.78,3.72,3.71,0.2,765000
314,Jesus Tinoco,MIA,Pitcher,2,1,4,20,19.1,4.66,3.72,0.47,5.12,3.96,0.2,831000
315,Calvin Faucher,MIA,Pitcher,3,2,8,39,35.1,8.92,4.08,0.76,4.08,3.82,0.2,775500
316,Justin Steele,CHC,Pitcher,3,0,0,3,18.2,7.71,1.93,1.45,3.38,4.26,0.2,6550000
317,Matt Svanson,STL,Pitcher,1,0,0,17,26,8.31,2.77,0.69,3.12,3.39,0.2,740000
318,Jake Irvin,WSN,Pitcher,7,5,0,20,116,6.44,2.95,1.71,4.58,5.2,0.2,774600
319,Chris Murphy,BOS,Pitcher,2,0,0,5,7.2,7.04,3.52,0,0,2.69,0.2,762000
320,Tomoyuki Sugano,BAL,Pitcher,7,5,0,18,99.1,5.35,1.99,1.72,4.44,5.17,0.2,13000000
321,Andrew Kittredge,BAL,Pitcher,1,1,0,24,24.2,8.39,2.19,1.09,4.01,3.53,0.2,9000000
322,Chris Flexen,CHC,Pitcher,5,1,1,18,36.2,4.66,2.7,0.74,1.47,4.01,0.2,1250000
323,Tyler Glasnow,LAD,Pitcher,1,0,0,6,23,10.96,5.48,1.57,3.52,4.86,0.1,32500000
324,Josh Winckowski,BOS,Pitcher,0,1,0,6,11.2,6.94,3.86,0,3.86,3.08,0.1,760000
325,Ian Hamilton,NYY,Pitcher,1,0,0,31,36.1,9.91,4.71,0.99,3.47,3.96,0.1,941050
326,Cole Sulser,TBR,Pitcher,2,1,0,13,14,8.36,2.57,0.64,3.21,3.01,0.1,740000
327,Andre Granillo,STL,Pitcher,1,0,1,5,6.2,2.7,1.35,0,1.35,2.93,0.1,740000
328,Kenley Jansen,LAA,Pitcher,3,2,16,38,34.2,9.09,2.86,1.56,3.38,4.26,0.1,10000000
329,Darren McCaughan,MIN,Pitcher,0,0,0,3,5.1,10.13,1.69,0,1.69,1.39,0.1,740000
330,Cade Gibson,MIA,Pitcher,2,4,0,22,29,6.21,2.79,0.62,2.79,3.74,0.1,760000
331,David Morgan,SDP,Pitcher,1,1,0,17,21,9.43,3.43,0.86,2.14,3.51,0.1,760000
332,Mike Burrows,PIT,Pitcher,1,3,0,10,41,9.22,3.73,1.76,4.83,5.03,0.1,740000
333,Ryan Weathers,MIA,Pitcher,1,1,0,5,24.2,8.39,2.92,1.46,3.28,4.42,0.1,779100
334,Austin Cox,ATL,Pitcher,0,0,0,6,8,12.38,1.13,1.13,2.25,2.33,0.1,760000
335,Josh Walker,TOR,Pitcher,0,0,0,3,5,14.4,3.6,0,7.2,1.68,0.1,740000
336,Rico Garcia,NYM,Pitcher,0,0,0,2,4.2,5.79,0,0,0,1.8,0.1,760000
337,Fraser Ellard,CHW,Pitcher,0,2,0,8,7.2,12.91,7.04,0,5.87,2.95,0.1,740000
338,Albert Suárez,BAL,Pitcher,0,0,0,1,2.2,6.75,0,0,3.38,1.58,0.1,825000
339,Frankie Montas,NYM,Pitcher,2,1,0,4,19.2,7.78,1.83,1.83,5.03,4.61,0.1,17000000
340,Wander Suero,ATL,Pitcher,0,0,0,1,2,13.5,0,0,0,0.08,0.1,740000
341,Tobias Myers,MIL,Pitcher,1,1,0,6,20,6.75,4.5,0.9,4.95,4.53,0.1,781800
342,Sean Guenther,DET,Pitcher,0,1,0,9,10.1,6.97,4.35,0,5.23,2.99,0.1,760000
343,José Fermin,LAA,Pitcher,2,0,0,18,16.1,11.57,4.96,1.1,3.86,3.94,0.1,760000
344,Mason Fluharty,TOR,Pitcher,3,2,0,37,34,10.06,4.24,1.06,5.56,3.88,0.1,740000
345,Joey Cantillo,CLE,Pitcher,1,0,1,24,41,11.85,4.39,1.54,4.17,4.13,0.1,762800
346,Jordan Wicks,CHC,Pitcher,0,1,0,4,8.1,8.64,1.08,1.08,9.72,3.08,0.1,12500000
347,Randy Vásquez,SDP,Pitcher,3,4,0,19,94.2,4.75,4.37,1.14,3.8,5.32,0.1,772800
348,Erick Fedde,STL,Pitcher,3,9,0,19,98.2,5.29,4.2,1.09,4.83,4.95,0.1,7500000
349,Bryan Hoeing,SDP,Pitcher,1,0,0,6,7,6.43,2.57,0,3.86,2.51,0.1,784000
350,Evan Sisk,KCR,Pitcher,0,0,0,5,5.1,18.56,8.44,0,1.69,1.77,0.1,740000
351,Ian Gibaut,CIN,Pitcher,0,1,0,25,25.1,5.33,2.84,1.07,4.62,4.38,0.1,1300000
352,Yimi García,TOR,Pitcher,1,2,3,22,21,10.71,5.14,0.86,3.86,3.8,0.1,7500000
353,Hayden Birdsong,SFG,Pitcher,4,3,0,20,65.2,9.32,4.52,1.37,4.11,4.68,0.1,765000
354,Jacob Webb,TEX,Pitcher,4,3,1,39,43.1,7.06,2.91,1.25,3.74,4.35,0.1,1250000
355,John Curtiss,ARI,Pitcher,1,0,0,6,7.2,5.87,2.35,0,2.35,2.56,0.1,850000
356,Paxton Schultz,TOR,Pitcher,0,0,0,12,23.2,10.27,3.04,1.52,4.56,4.14,0.1,760000
357,Scott Effross,NYY,Pitcher,0,0,0,6,6,9,1.5,0,3,1.58,0.1,800000
358,Paul Sewald,CLE,Pitcher,1,1,2,18,15.1,10.57,2.35,1.76,4.7,4.06,0.1,6000000
359,J.T. Ginn,ATH,Pitcher,1,2,0,10,32,10.69,2.53,2.25,4.78,4.99,0.1,760000
360,Yerry De los Santos,NYY,Pitcher,0,0,0,14,20,5.85,5.4,0,1.8,3.58,0.1,760000
361,Lyon Richardson,CIN,Pitcher,0,3,0,27,31.1,6.89,4.31,0.57,3.73,4.01,0.1,760000
362,Max Scherzer,TOR,Pitcher,1,0,0,5,23,9.39,2.74,1.96,4.7,4.86,0.1,15500000
363,Nic Enright,CLE,Pitcher,1,0,0,12,14.1,8.79,4.4,0.63,1.88,3.71,0.1,760000
364,Davis Daniel,ATL,Pitcher,0,0,0,2,5,10.8,5.4,0,1.8,3.08,0.1,740000
365,Elvis Alvarado,ATH,Pitcher,0,0,0,10,13,11.08,4.15,0.69,3.46,3.47,0.1,760000
366,Chase Lee,DET,Pitcher,4,1,0,27,31.2,8.24,2.27,1.14,3.69,3.84,0.1,760000
367,Kyle Harrison,SFG,Pitcher,1,1,0,8,23.2,9.51,3.42,1.52,4.56,4.31,0.1,740000
368,Ian Seymour,TBR,Pitcher,1,0,0,2,4,6.75,4.5,0,0,3.08,0.1,760000
369,Connor Seabold,TBR,Pitcher,0,0,0,3,6.2,6.75,4.05,0,1.35,2.93,0.1,740000
370,Jeff Hoffman,TOR,Pitcher,6,2,22,41,39.1,12.13,2.52,2.06,5.03,4.28,0.1,7666666
371,Juan Morillo,ARI,Pitcher,0,2,0,31,27.1,9.22,5.27,0.66,4.94,3.85,0.1,740000
372,Easton McGee,MIL,Pitcher,0,0,0,5,7,9,3.86,0,2.57,2.37,0.1,740000
373,Robert Stephenson,LAA,Pitcher,0,0,0,2,1,18,0,0,0,-0.92,0.1,11000000
374,Connor Brogdon,LAA,Pitcher,1,1,0,24,25.1,7.46,3.2,1.42,4.97,4.54,0.1,760000
375,Kyle Backhus,ARI,Pitcher,0,1,0,11,10,9,2.7,0.9,2.7,3.58,0.1,760000
376,Will Klein,LAD,Pitcher,1,1,0,6,7.1,13.5,6.14,0,3.68,2.95,0.1,760000
377,Dedniel Núñez,NYM,Pitcher,0,0,0,10,9.2,10.24,5.59,0.93,4.66,4.01,0.1,740000
378,Héctor Neris,3 Tms,Pitcher,3,1,0,26,18,12,4.5,1.5,6.5,4.25,0.1,760000
379,Tim Mayza,PIT,Pitcher,0,0,0,7,9.1,7.71,0.96,0.96,2.89,3.4,0.1,1150000
380,Jack Perkins,ATH,Pitcher,0,0,2,4,9.2,10.24,2.79,0.93,3.72,3.39,0.1,760000
381,Nick Burdi,BOS,Pitcher,0,0,0,4,5.1,8.44,3.38,0,0,2.33,0.1,850000
382,Blake Treinen,LAD,Pitcher,0,2,2,7,7,10.29,3.86,1.29,3.86,3.94,0.1,8500000
383,Austin Gomber,COL,Pitcher,0,3,0,6,28.2,4.4,2.2,1.88,5.65,5.56,0.1,6350000
384,Andrew Chafin,WSN,Pitcher,0,0,0,21,16,8.44,6.19,0.56,2.81,4.08,0.1,1000000
385,Spencer Arrighetti,HOU,Pitcher,1,1,0,2,9.2,7.45,4.66,0.93,5.59,4.63,0.1,794200
386,Keegan Akin,BAL,Pitcher,3,0,0,39,38,9,4.26,1.18,3.32,4.29,0.1,1475000
387,Owen White,CHW,Pitcher,0,0,0,2,6.2,8.1,4.05,0,4.05,2.63,0.1,740000
388,Riley O'Brien,STL,Pitcher,0,0,0,17,22.1,9.27,4.03,0.81,2.01,3.8,0.1,760000
389,Colin Selby,BAL,Pitcher,0,0,0,5,6.2,13.5,1.35,1.35,4.05,2.48,0.1,760000
390,Yu Darvish,SDP,Pitcher,0,1,0,2,8.1,7.56,6.48,0,6.48,4.28,0.1,21000000
391,Yohan Ramírez,PIT,Pitcher,0,0,0,1,2,18,0,0,0,-0.92,0.1,760000
392,Justin Hagenman,NYM,Pitcher,0,1,0,4,12.1,9.49,0.73,2.19,5.11,4.38,0.1,740000
393,Grant Wolfram,BAL,Pitcher,1,0,0,4,5,10.8,5.4,0,3.6,2.48,0.1,740000
394,Zak Kent,CLE,Pitcher,0,0,0,4,7.1,9.82,6.14,0,6.14,2.95,0.1,740000
395,Victor Vodnik,COL,Pitcher,3,3,2,29,27.1,9.55,5.6,0.99,2.96,4.25,0.1,765000
396,Patrick Monteverde,MIA,Pitcher,0,0,0,1,3.2,9.82,2.45,0,9.82,1.72,0.1,740000
397,Chris Roycroft,STL,Pitcher,1,3,0,14,13,6.23,6.23,0,6.92,3.77,0.1,740000
398,Luke Weaver,NYY,Pitcher,1,3,8,33,34,9.53,2.38,1.59,2.91,4.14,0.1,2500000
399,Juan Burgos,SEA,Pitcher,0,0,0,3,4.2,11.57,3.86,0,1.93,2.44,0.1,760000
400,Sawyer Gipson-Long,DET,Pitcher,0,1,0,5,23,7.04,1.57,1.57,4.7,4.43,0.1,763600
401,Jaden Hill,COL,Pitcher,0,0,0,3,2.2,16.88,6.75,0,3.38,1.58,0.1,740000
402,Ryan Burr,TOR,Pitcher,1,0,0,2,2,13.5,4.5,0,0,1.58,0.1,786000
403,Bailey Horn,DET,Pitcher,0,0,0,3,2.2,10.13,3.38,0,3.38,1.96,0.1,740000
404,Justin Martinez,ARI,Pitcher,1,2,5,17,15.1,12.91,7.04,0.59,4.11,4,0.1,1900000
405,Anthony Bender,MIA,Pitcher,2,5,2,40,39.1,6.86,3.89,0.69,2.06,4,0.1,1420000
406,Blake Snell,LAD,Pitcher,1,0,0,2,9,4,8,0,2,4.86,0.1,28436867
407,Tanner Rainey,PIT,Pitcher,0,1,0,11,7.2,10.57,7.04,0,10.57,3.47,0.1,740000
408,Tom Cosgrove,CHC,Pitcher,0,0,0,2,4,6.75,2.25,0,2.25,2.33,0.1,740000
409,Cole Winn,TEX,Pitcher,0,1,0,13,17,5.82,4.24,0.53,1.59,3.96,0.1,740000
410,Matt Krook,ATH,Pitcher,0,0,0,3,3.1,8.1,2.7,0,5.4,2.18,0.1,740000
411,Zach Thompson,ATL,Pitcher,0,0,0,2,3.2,7.36,2.45,0,0,2.26,0.1,772200
412,Tyler Matzek,NYY,Pitcher,0,0,0,7,6.1,9.95,7.11,0,4.26,3.24,0.1,740000
413,Matt Gage,DET,Pitcher,0,0,0,6,5.2,4.76,3.18,0,0,3.08,0.1,760000
414,Tyler Zuber,NYM,Pitcher,0,0,0,1,2,13.5,0,0,9,0.08,0.1,740000
415,Sauryn Lao,SEA,Pitcher,0,0,0,1,1.2,16.2,0,0,0,-0.52,0,740000
416,Seth Johnson,PHI,Pitcher,0,0,0,3,5,5.4,1.8,0,1.8,2.48,0,760000
417,Andrew Saalfrank,ARI,Pitcher,0,0,0,1,2,9,0,0,0,1.08,0,760000
418,Erik Miller,SFG,Pitcher,4,1,0,36,30,6.6,6,0,1.5,3.92,0,780000
419,Kade Strowd,BAL,Pitcher,0,0,0,3,4.1,6.23,2.08,0,4.15,2.39,0,740000
420,Cristian Mena,ARI,Pitcher,1,0,0,3,6.2,10.8,4.05,1.35,1.35,3.98,0,760000
421,Ezequiel Duran,TEX,Pitcher,0,0,0,3,3,0,0,0,0,3.08,0,740000
422,Jordan Leasure,CHW,Pitcher,2,5,2,38,34,10.59,5.56,1.59,4.5,4.96,0,765800
423,Yaramil Hiraldo,BAL,Pitcher,0,0,0,1,1.1,6.75,0,0,0,1.58,0,740000
424,Corbin Martin,BAL,Pitcher,0,0,0,1,1.1,13.5,0,0,0,0.08,0,760000
425,Jake Woodford,ARI,Pitcher,0,0,0,3,6,3,4.5,0,3,3.92,0,760000
426,Dietrich Enns,DET,Pitcher,1,1,0,4,13.1,6.75,2.7,1.35,4.73,4.43,0,760000
427,Hunter Strickland,LAA,Pitcher,1,2,1,19,22,5.73,4.09,0.82,3.27,4.35,0,1000000
428,Nick Sandlin,TOR,Pitcher,0,2,1,19,16.1,8.82,4.41,1.1,2.2,4.55,0,1630000
429,Greg Weissert,BOS,Pitcher,2,3,3,45,41.1,7.4,3.27,1.09,3.27,4.24,0,774000
430,Omar Cruz,SDP,Pitcher,0,0,0,2,3.2,12.27,7.36,0,4.91,2.81,0,740000
431,Raisel Iglesias,ATL,Pitcher,4,5,11,39,36.2,10.31,1.72,1.72,4.42,4.01,0,16000000
432,Touki Toussaint,LAA,Pitcher,0,0,0,1,2,13.5,4.5,0,9,1.58,0,740000
433,Jorge Alcala,2 Tms,Pitcher,0,2,0,33,34.2,9.87,4.67,1.3,6.49,4.41,0,1500000
434,Weston Wilson,PHI,Pitcher,0,0,0,2,3,0,0,0,0,3.08,0,740000
435,Huascar Brazobán,NYM,Pitcher,5,2,2,39,47.1,8.94,4.56,0.95,3.99,4.24,0,778000
436,Josh Simpson,MIA,Pitcher,1,0,0,8,9.2,11.17,5.59,0.93,3.72,3.81,0,760000
437,Andry Lara,WSN,Pitcher,0,0,0,2,3.2,12.27,4.91,0,2.45,2.81,0,740000
438,Zac Gallen,ARI,Pitcher,7,10,0,20,115,8.61,3.52,1.64,5.4,4.8,0,13500000
439,Cody Bolton,CLE,Pitcher,0,0,0,1,2,4.5,0,0,13.5,2.08,0,740000
440,Travis Adams,MIN,Pitcher,1,0,0,2,8,4.5,1.13,1.13,6.75,4.08,0,760000
441,Jack Little,LAD,Pitcher,0,0,0,2,3,6,3,0,6,3.75,0,740000
442,Jacob Stallings,COL,Pitcher,0,0,0,1,2,4.5,0,0,4.5,2.08,0,740000
443,Joey Wentz,3 Tms,Pitcher,2,1,0,26,37,8.27,5.11,1.22,6.32,4.78,0,775000
444,Tommy Nance,TOR,Pitcher,0,0,0,2,2,9,4.5,0,0,2.58,0,760000
445,Casey Lawrence,2 Tms,Pitcher,1,2,0,6,17.2,3.57,0.51,1.02,4.08,4.1,0,740000
446,Gerson Garabito,TEX,Pitcher,0,0,0,3,8,9,1.13,1.13,9,3.83,0,740000
447,Sean Reynolds,SDP,Pitcher,0,1,0,17,22.2,8.74,3.18,1.19,3.97,4.18,0,740000
448,Jordan Weems,HOU,Pitcher,0,1,0,2,3,0,0,0,6,3.08,0,740000
449,Jose Trevino,CIN,Pitcher,0,0,0,2,2.1,3.86,3.86,0,3.86,3.51,0,740000
450,Bryce Jarvis,ARI,Pitcher,0,0,1,8,14.1,8.16,4.4,0.63,4.4,3.85,0,740000
451,Mike Vasil,CHW,Pitcher,4,3,2,25,62,6.39,4.79,0.73,2.47,4.69,0,760000
452,Daniel Robert,PHI,Pitcher,0,0,0,6,4,18,13.5,0,2.25,3.58,0,760000
453,Jhonathan Díaz,SEA,Pitcher,0,0,0,1,1.1,6.75,0,0,0,1.58,0,740000
454,Christian Montes De Oca,ARI,Pitcher,0,0,0,1,2.2,6.75,3.38,0,0,2.71,0,760000
455,Nathan Wiles,ATL,Pitcher,0,0,0,1,1,9,0,0,27,1.08,0,740000
456,Noah Murdock,ATH,Pitcher,1,1,0,14,17,11.12,10.59,0,13.24,4.49,0,740000
457,Michael Stefanic,TOR,Pitcher,0,0,0,1,1,0,0,0,0,3.08,0,740000
458,Jake Eder,LAA,Pitcher,0,0,0,6,9.1,7.71,4.82,0.96,1.93,4.37,0,760000
459,Jose Herrera,ARI,Pitcher,0,0,0,1,1,0,0,0,0,3.08,0,740000
460,Wikelman González,CHW,Pitcher,0,0,0,2,4,11.25,9,0,4.5,3.58,0,740000
461,Kevin Ginkel,ARI,Pitcher,1,3,2,25,22,10.23,4.91,0.82,8.18,3.9,0,2425000
462,Jackson Kowar,SEA,Pitcher,1,0,0,7,8.2,8.31,3.12,1.04,2.08,4.12,0,740000
463,Yosver Zulueta,CIN,Pitcher,0,0,0,2,2.1,3.86,3.86,0,3.86,3.51,0,740000
464,Freddy Tarnok,MIA,Pitcher,1,0,1,2,2,4.5,0,0,0,3.58,0,740000
465,Carlos Hernández,2 Tms,Pitcher,1,0,0,33,34,8.74,5.03,1.06,6.35,4.52,0,1160000
466,Willie MacIver,ATH,Pitcher,0,0,0,2,2,0,0,0,0,3.08,0,740000
467,Bradgley Rodriguez,SDP,Pitcher,0,0,0,1,1.2,5.4,5.4,0,0,5.48,0,740000
468,Rob Zastryzny,MIL,Pitcher,2,1,0,15,13.1,10.13,1.35,2.03,2.03,4.21,0,760000
469,Jake Palisch,CHW,Pitcher,0,0,0,1,1,0,0,0,18,3.08,0,740000
470,Alan Trejo,COL,Pitcher,0,0,0,1,1,0,0,0,0,3.08,0,740000
471,Jacob Amaya,CHW,Pitcher,0,0,0,1,1,0,0,0,0,3.08,0,740000
472,Trevor Richards,KCR,Pitcher,0,0,0,3,3,6,6,0,12,3.75,0,850000
473,Nate Eaton,BOS,Pitcher,0,0,0,1,1,0,0,0,0,3.08,0,740000
474,Willi Castro,MIN,Pitcher,0,0,0,1,1,0,0,0,0,3.08,0,740000
475,Garrett Hampson,STL,Pitcher,0,0,0,1,1,0,0,0,0,3.08,0,740000
476,Christian Koss,SFG,Pitcher,0,0,0,1,1,0,0,0,0,3.08,0,740000
477,Mason Thompson,WSN,Pitcher,0,0,0,4,3,9,9,0,15,4.08,0,770000
478,Tomás Nido,DET,Pitcher,0,0,0,1,1.2,0,0,0,0,4.88,0,740000
479,Jordan Romano,PHI,Pitcher,1,4,8,37,33.1,9.99,3.78,1.62,7.29,4.64,0,8500000
480,Dylan Dodd,ATL,Pitcher,0,0,0,11,12,6.75,1.5,1.5,3.75,4.25,0,740000
481,Shinnosuke Ogasawara,WSN,Pitcher,0,1,0,2,6.2,5.4,1.35,1.35,9.45,5.18,0,1500000
482,Justin Garza,NYM,Pitcher,0,0,0,5,6.2,4.05,1.35,1.35,5.4,4.58,0,740000
483,Doug Nikhazy,CLE,Pitcher,0,1,0,2,4,11.25,13.5,0,13.5,5.08,0,740000
484,Jacob Barnes,TOR,Pitcher,0,1,0,6,8,5.63,3.38,1.13,9,4.58,0,740000
485,Luis Vázquez,BAL,Pitcher,0,0,0,3,3.1,0,2.7,0,0,3.98,0,740000
486,César Salazar,HOU,Pitcher,0,0,0,1,1,0,0,0,0,6.08,0,740000
487,Austin Hedges,CLE,Pitcher,0,0,0,1,1,9,9,0,9,4.08,0,740000
488,Craig Kimbrel,ATL,Pitcher,0,0,0,1,1,9,9,0,0,4.08,0,740000
489,Jackson Jobe,DET,Pitcher,4,1,0,10,49,7.16,4.96,1.29,4.22,5.12,0,760900
490,Luis F. Castillo,SEA,Pitcher,0,0,0,2,7,6.43,9,0,7.71,4.65,0,24150000
491,Tucker Barnhart,TEX,Pitcher,0,0,0,1,2,0,0,0,13.5,4.58,0,740000
492,Carson Spiers,CIN,Pitcher,0,2,0,3,13.1,7.43,4.73,2.03,6.08,6.16,0,765000
493,Kevin Herget,2 Tms,Pitcher,0,0,0,2,3,3,6,0,3,4.42,0,740000
494,Lou Trivino,2 Tms,Pitcher,3,0,0,34,36.2,6.63,2.7,1.23,3.93,4.69,0,760000
495,Ryan Borucki,PIT,Pitcher,1,3,0,29,25.2,7.71,3.86,1.05,5.26,4.29,0,1150000
496,Jake Rogers,DET,Pitcher,0,0,0,2,1.2,0,0,0,5.4,4.88,0,740000
497,Ryan Thompson,ARI,Pitcher,2,2,1,36,32.1,8.35,3.34,1.11,4.45,4.04,0,2965000
498,Alan Rangel,PHI,Pitcher,0,0,1,2,8,5.63,3.38,1.13,2.25,4.58,0,740000
499,Grant Holman,ATH,Pitcher,4,2,0,22,23,6.65,3.52,1.17,5.09,4.6,0,760000
500,Cody Poteet,BAL,Pitcher,0,0,0,1,2.2,3.38,6.75,0,16.88,4.58,0,760000
501,Abraham Toro,BOS,Pitcher,0,0,0,1,1,0,9,0,18,6.08,0,740000
502,Tyler Heineman,TOR,Pitcher,0,0,0,1,1,0,0,0,9,6.08,0,740000
503,Tyler Wade,SDP,Pitcher,0,0,0,1,1,0,9,0,9,6.08,0,740000
504,Alec Burleson,STL,Pitcher,0,0,0,1,1,0,0,0,0,6.08,0,740000
505,A.J. Puk,ARI,Pitcher,0,0,4,8,8,13.5,2.25,2.25,3.38,4.46,0,2950000
506,Leo Rivas,SEA,Pitcher,0,0,0,1,1,0,9,0,0,6.08,0,740000
507,Jake Bauers,MIL,Pitcher,0,0,0,5,5,1.8,5.4,0,3.6,5.68,0,740000
508,Michael Darrell-Hicks,2 Tms,Pitcher,1,0,0,7,9.2,7.45,3.72,0.93,7.45,4.32,0,740000
509,Dylan Smith,DET,Pitcher,1,0,0,7,13,2.77,3.46,0,1.38,4.31,0,740000
510,Brooks Kriske,CHC,Pitcher,0,0,0,1,2,4.5,9,0,0,5.08,0,900000
511,Michael Fulmer,2 Tms,Pitcher,0,0,0,3,5.2,4.76,3.18,1.59,4.76,5.38,0,740000
512,Victor Mederos,LAA,Pitcher,0,0,0,2,4,9,9,0,4.5,4.83,0,740000
513,Bryan Hudson,MIL,Pitcher,0,1,0,12,10.1,11.32,10.45,0,4.35,4.63,0,740000
514,Tyler Kinley,COL,Pitcher,0,3,3,44,42.1,8.72,5.53,1.06,6.38,4.66,0,4000000
515,Gavin Hollowell,CHC,Pitcher,0,0,0,5,6.1,7.11,2.84,1.42,1.42,4.5,0,740000
516,Michael Petersen,ATL,Pitcher,0,0,0,4,6.2,6.75,2.7,1.35,4.05,4.43,0,740000
517,Randy Wynne,CIN,Pitcher,0,0,1,1,3,9,3,3,3,6.42,0,740000
518,Luis Guerrero,BOS,Pitcher,0,1,0,13,17.1,5.19,7.27,0,4.15,4.35,0,760000
519,Aaron Civale,2 Tms,Pitcher,1,6,0,11,52.2,6.15,3.76,1.71,5.3,5.55,0,8000000
520,Sam Moll,CIN,Pitcher,1,0,0,7,6,9,4.5,1.5,6,4.75,0,1007500
521,Carson Fulmer,LAA,Pitcher,0,0,0,1,5.1,8.44,5.06,1.69,5.06,5.33,0,760000
522,Marc Church,TEX,Pitcher,0,0,0,5,4.2,9.64,11.57,0,3.86,4.8,0,740000
523,Tyler Owens,DET,Pitcher,0,0,0,3,3,3,9,0,3,5.42,0,740000
524,Travis Jankowski,NYM,Pitcher,0,0,0,1,1,0,9,0,18,9.08,0,740000
525,Miles Mastrobuoni,SEA,Pitcher,0,0,0,1,1,0,18,0,0,9.08,0,740000
526,Mike Yastrzemski,SFG,Pitcher,0,0,0,1,1,0,9,0,18,9.08,0,740000
527,JT Brubaker,NYY,Pitcher,0,0,0,7,7,3.86,6.43,0,6.43,4.8,0,1820000
528,Adam Ottavino,NYY,Pitcher,0,0,0,3,1.2,16.2,21.6,0,0,6.68,0,740000
529,Andrew Hoffmann,KCR,Pitcher,0,0,0,1,2,18,0,4.5,9,5.58,0,760000
530,Joe Rock,TBR,Pitcher,0,0,0,1,2,18,0,4.5,9,7.08,0,740000
531,Yilber Díaz,ARI,Pitcher,0,0,0,1,3,3,9,0,9,5.42,0,740000
532,Brett de Geus,PHI,Pitcher,0,0,0,1,2,0,13.5,0,4.5,7.58,0,740000
533,Angel Perdomo,ATH,Pitcher,0,0,0,4,3.1,5.4,8.1,0,5.4,5.48,0,740000
534,Ty Adcock,NYM,Pitcher,0,0,0,3,3,15,6,3,3,6.08,0,740000
535,Richard Fitts,BOS,Pitcher,1,3,0,8,33.2,7.49,2.67,1.87,4.28,5.19,0,766000
536,Luke Williams,ATL,Pitcher,0,0,0,3,3,6,0,3,6,6.08,0,740000
537,Julian Merryweather,CHC,Pitcher,0,1,0,20,17.2,7.64,4.58,1.02,6.11,4.38,0,740000
538,Liam Hendriks,BOS,Pitcher,0,2,0,14,13.2,7.9,4.61,1.32,6.59,4.98,0,6000000
539,Brent Headrick,NYY,Pitcher,0,0,0,11,13.1,10.8,2.03,2.03,4.73,4.51,0,740000
540,Adam Mazur,MIA,Pitcher,0,1,0,1,5.2,7.94,6.35,1.59,6.35,5.73,0,740000
541,Vinny Capra,CHW,Pitcher,0,0,0,3,3,3,0,3,6,6.75,0,740000
542,Jon Berti,CHC,Pitcher,0,0,0,2,1.2,0,16.2,0,10.8,8.48,0,740000
543,Mason Montgomery,TBR,Pitcher,1,2,1,40,31.1,11.78,5.46,1.44,5.74,4.45,0,740000
544,Alex Carrillo,NYM,Pitcher,0,0,0,2,3.1,5.4,0,2.7,5.4,5.78,0,760000
545,Anthony Misiewicz,MIN,Pitcher,0,0,0,2,3.1,10.8,5.4,2.7,8.1,6.38,0,760000
546,Luarbert Arias,MIA,Pitcher,0,0,0,6,9.1,8.68,4.82,0.96,10.61,4.8,0,740000
547,Matt Bowman,BAL,Pitcher,0,1,0,19,23.1,6.56,2.31,1.54,5.79,4.88,0,740000
548,Jeff Brigham,ARI,Pitcher,0,0,0,4,3.1,8.1,2.7,2.7,8.1,6.08,0,740000
549,Joel Payamps,MIL,Pitcher,0,1,1,23,18.1,7.85,2.95,1.47,8.35,4.45,-0.1,740000
550,Cam Schlittler,NYY,Pitcher,1,0,0,1,5.1,11.81,3.38,3.38,5.06,6.46,-0.1,760000
551,Dane Dunning,TEX,Pitcher,0,0,2,5,10.2,8.44,4.22,1.69,3.38,5.33,-0.1,2660000
552,Tim Hill,NYY,Pitcher,3,2,0,45,43.1,4.78,2.28,1.04,2.49,4.28,-0.1,2500000
553,Jhonny Pereda,ATH,Pitcher,0,0,0,3,3,9,6,3,21,7.42,-0.1,740000
554,Carlos Rodriguez,MIL,Pitcher,1,0,0,1,3.1,5.4,10.8,0,8.1,5.48,-0.1,740000
555,Brock Burke,LAA,Pitcher,4,1,0,44,37,7.54,3.65,1.22,3.65,4.54,-0.1,1150000
556,Caleb Freeman,CHW,Pitcher,0,0,0,5,3.1,8.1,2.7,2.7,5.4,6.08,-0.1,740000
557,Austin Warren,NYM,Pitcher,1,0,0,4,5.1,6.75,5.06,1.69,1.69,5.71,-0.1,785000
558,Will Wilson,CLE,Pitcher,0,0,0,1,2,0,0,4.5,9,9.58,-0.1,740000
559,Codi Heuer,TEX,Pitcher,0,0,0,1,1.1,6.75,0,6.75,6.75,11.33,-0.1,740000
560,Julian Fernández,LAD,Pitcher,0,0,0,1,2,4.5,4.5,4.5,9,10.08,-0.1,740000
561,Pablo Reyes,NYY,Pitcher,0,0,0,1,1,0,0,9,27,16.08,-0.1,740000
562,Randy Dobnak,MIN,Pitcher,0,0,0,1,5.1,1.69,3.38,1.69,1.69,6.27,-0.1,740000
563,Connor Gillispie,MIA,Pitcher,0,3,0,6,26,7.96,3.81,2.08,8.65,5.7,-0.1,740000
564,Justin Bruihl,TOR,Pitcher,0,0,0,6,4.2,13.5,5.79,1.93,3.86,5.44,-0.1,760000
565,Luis Mey,CIN,Pitcher,1,0,0,15,14.1,9.42,6.28,1.26,4.4,5.11,-0.1,740000
566,Logan Porter,SFG,Pitcher,0,0,0,1,1,0,0,9,9,16.08,-0.1,740000
567,Eduard Bazardo,SEA,Pitcher,3,0,0,42,48.2,8.32,4.07,1.11,2.96,4.25,-0.1,892700
568,Andrew Walters,CLE,Pitcher,0,0,0,2,1.1,13.5,0,6.75,13.5,9.83,-0.1,760000
569,Michael Kelly,ATH,Pitcher,2,0,0,13,13,5.54,5.54,0.69,1.38,4.7,-0.1,760000
570,T.J. McFarland,ATH,Pitcher,0,0,0,27,15.2,4.02,1.72,1.15,6.89,4.61,-0.1,740000
571,Mason Black,SFG,Pitcher,0,0,0,1,4,11.25,0,4.5,6.75,7.08,-0.1,740000
572,Easton Lucas,TOR,Pitcher,3,2,0,5,21.2,9.14,4.15,2.08,5.82,5.44,-0.1,740000
573,Carl Edwards Jr.,LAA,Pitcher,0,0,0,2,3,6,3,3,9,7.08,-0.1,740000
574,Nick Hernandez,HOU,Pitcher,0,0,0,2,2,9,9,4.5,9,10.58,-0.1,740000
575,Casey Legumina,SEA,Pitcher,4,4,0,34,35,9.77,4.63,1.29,5.14,4.4,-0.1,760000
576,Xzavion Curry,MIA,Pitcher,0,1,0,3,3,3,9,0,6,5.42,-0.1,740000
577,Chris Stratton,2 Tms,Pitcher,0,0,0,15,21,9.43,4.29,1.71,7.71,4.89,-0.1,740000
578,Matt Sauer,LAD,Pitcher,2,1,1,9,27.2,7.16,2.6,1.63,6.18,4.93,-0.1,740000
579,Isaiah Campbell,BOS,Pitcher,0,0,0,1,2,0,0,4.5,9,9.58,-0.1,740000
580,Spencer Turnbull,TOR,Pitcher,1,1,0,3,6.1,5.68,5.68,1.42,7.11,5.77,-0.1,740000
581,Mitch Spence,ATH,Pitcher,2,5,1,29,74.2,7.59,2.65,1.81,4.7,5.05,-0.1,740000
582,Antonio Senzatela,COL,Pitcher,3,13,0,19,91.1,4.83,3.25,1.58,6.6,5.5,-0.1,12000000
583,Robinson Piña,2 Tms,Pitcher,0,0,0,2,2.1,3.86,3.86,3.86,7.71,9.08,-0.1,760000
584,Allan Winans,NYY,Pitcher,0,1,0,2,6.1,4.26,2.84,1.42,8.53,6.08,-0.1,740000
585,Reynaldo López,ATL,Pitcher,0,0,0,1,5,1.8,3.6,1.8,5.4,6.48,-0.1,8000000
586,John Brebbia,DET,Pitcher,1,0,0,19,18.2,9.64,5.3,1.45,7.71,5.28,-0.1,740000
587,Max Lazar,PHI,Pitcher,0,0,1,15,20.1,6.2,3.54,1.33,3.54,4.8,-0.1,760000
588,Jonathan Bowlan,KCR,Pitcher,1,2,0,14,19,8.05,3.79,1.42,3.79,4.61,-0.1,760000
589,Geoff Hartlieb,NYY,Pitcher,0,0,0,2,1.1,27,27,6.75,40.5,15.83,-0.1,740000
590,Jonah Bride,MIN,Pitcher,0,0,0,4,6,3,4.5,1.5,15,7.08,-0.1,740000
591,Michael Mercado,PHI,Pitcher,0,0,0,3,3,12,12,3,15,8.75,-0.1,740000
592,Tayler Saucedo,SEA,Pitcher,0,0,0,5,4.2,7.71,5.79,1.93,7.71,6.08,-0.1,740000
593,Kody Funderburk,MIN,Pitcher,1,0,0,10,13,6.23,3.46,1.38,6.92,5.08,-0.1,740000
594,AJ Blubaugh,HOU,Pitcher,0,1,0,1,4,13.5,2.25,4.5,4.5,7.33,-0.1,740000
595,Amed Rosario,WSN,Pitcher,0,0,0,1,1,0,18,9,36,22.08,-0.1,740000
596,Gary Sánchez,BAL,Pitcher,0,0,0,1,1,0,9,9,36,22.08,-0.1,740000
597,Emmanuel Rivera,BAL,Pitcher,0,0,0,1,1,0,18,9,72,22.08,-0.1,740000
598,Carlos Carrasco,NYY,Pitcher,2,2,0,8,32,7.03,2.81,1.97,5.91,5.3,-0.1,740000
599,Logan Evans,SEA,Pitcher,3,3,0,9,50.1,6.26,2.68,1.61,3.75,5.03,-0.1,760000
600,Elvis Peguero,MIL,Pitcher,0,0,0,6,7.1,6.14,4.91,1.23,4.91,5.54,-0.1,740000
601,Anthony Molina,COL,Pitcher,0,0,0,5,8.2,6.23,0,3.12,7.27,6.2,-0.1,740000
602,Marcus Stroman,NYY,Pitcher,1,1,0,6,24.1,5.55,4.44,1.48,6.66,5.59,-0.1,18500000
603,Kevin Newman,LAA,Pitcher,0,0,0,2,4,0,0,4.5,6.75,9.58,-0.1,740000
604,Blas Castaño,SEA,Pitcher,0,0,0,1,3,3,6,3,9,9.75,-0.1,740000
605,Luis Contreras,HOU,Pitcher,0,0,0,7,9,10,6,2,9,5.75,-0.1,740000
606,Connor Phillips,CIN,Pitcher,1,0,0,4,5,7.2,7.2,1.8,7.2,6.48,-0.1,740000
607,Jack Kochanowicz,LAA,Pitcher,3,9,0,19,94,6.22,4.31,1.53,6.03,5.54,-0.1,740000
608,Scott McGough,ARI,Pitcher,0,0,0,7,7,6.43,7.71,1.29,6.43,6.51,-0.1,740000
609,Jorge Mateo,BAL,Pitcher,0,0,0,1,1,0,18,9,45,25.08,-0.1,740000
610,Kenta Maeda,DET,Pitcher,0,0,0,7,8,9,6.75,1.13,7.88,6.08,-0.1,740000
611,Eduarniel Núñez,SDP,Pitcher,0,0,0,4,4.2,3.86,7.71,1.93,3.86,8.22,-0.1,740000
612,Orlando Ribalta,WSN,Pitcher,0,0,0,4,7.2,7.04,4.7,2.35,5.87,6.47,-0.1,760300
613,Robert Stock,BOS,Pitcher,0,0,0,2,2.2,3.38,13.5,3.38,10.13,11.71,-0.1,740000
614,Mike Clevinger,CHW,Pitcher,0,2,0,8,5.2,4.76,12.71,0,7.94,6.26,-0.1,740000
615,Cooper Criswell,BOS,Pitcher,1,0,1,6,10.2,4.22,2.53,1.69,5.06,5.43,-0.1,740000
616,Dillon Tate,TOR,Pitcher,0,0,0,5,5.1,11.81,10.13,1.69,5.06,6.83,-0.1,740000
617,Taylor Clarke,KCR,Pitcher,1,1,1,23,25.2,5.61,1.05,1.75,4.91,4.72,-0.1,1000000
618,Yuki Matsui,SDP,Pitcher,2,1,1,39,35.2,9.59,4.54,1.51,5.05,4.65,-0.1,5500000
619,Bobby Miller,LAD,Pitcher,0,0,0,2,5,12.6,3.6,3.6,12.6,7.28,-0.1,740000
620,Ethan Roberts,CHC,Pitcher,1,0,0,9,8.1,6.48,2.16,2.16,5.4,5.84,-0.1,760000
621,Jason Alexander,2 Tms,Pitcher,1,0,1,6,15,6.6,6,1.8,8.4,6.42,-0.1,740000
622,Justin Sterner,ATH,Pitcher,2,3,0,34,34.1,9.17,3.93,1.57,3.67,4.98,-0.1,760000
623,Roddery Muñoz,STL,Pitcher,0,0,0,6,6.2,9.45,5.4,2.7,8.1,6.68,-0.1,740000
624,Triston McKenzie,CLE,Pitcher,0,0,0,4,5.2,6.35,11.12,1.59,11.12,7.67,-0.1,740000
625,José Caballero,TBR,Pitcher,0,0,0,1,1,0,9,18,54,32.08,-0.1,740000
626,Penn Murfee,CHW,Pitcher,0,1,0,15,12.2,9.24,3.55,2.13,7.82,5.53,-0.1,740000
627,Miguel Castro,CHW,Pitcher,0,0,0,6,6,6,7.5,1.5,7.5,6.92,-0.1,1500000
628,Kendall Graveman,ARI,Pitcher,1,0,0,11,10.1,3.48,6.1,0.87,7.84,5.89,-0.1,1250000
629,Javier Sanoja,MIA,Pitcher,0,0,0,4,5,0,3.6,3.6,19.8,9.48,-0.1,740000
630,Logan VanWey,HOU,Pitcher,0,0,0,7,8.2,5.19,3.12,2.08,6.23,6.31,-0.1,740000
631,Wade Miley,CIN,Pitcher,1,0,0,3,12,5.25,4.5,2.25,6.75,6.92,-0.1,2500000
632,Hunter Stratton,PIT,Pitcher,0,0,0,3,2.2,3.38,6.75,3.38,23.63,10.58,-0.1,740000
633,Drey Jameson,ARI,Pitcher,0,1,1,3,3,0,9,0,3,6.08,-0.1,740000
634,Ian Anderson,LAA,Pitcher,0,1,0,7,9.1,7.71,6.75,1.93,11.57,6.4,-0.1,740000
635,Enrique Hernández,LAD,Pitcher,0,0,0,5,5.1,1.69,13.5,1.69,15.19,9.64,-0.1,740000
636,Tyler Phillips,MIA,Pitcher,1,0,0,33,46.1,5.63,2.72,1.17,3.69,4.48,-0.1,764000
637,Matt Waldron,SDP,Pitcher,0,1,0,1,4.2,5.79,11.57,1.93,7.71,8.44,-0.1,740000
638,José Ureña,3 Tms,Pitcher,0,0,1,9,18.1,4.91,2.45,2.45,5.4,6.35,-0.2,740000
639,Brandon Waddell,NYM,Pitcher,0,0,0,9,23.1,6.17,2.31,1.54,3.86,4.71,-0.2,760000
640,Kevin Kelly,TBR,Pitcher,0,1,0,22,21.2,7.06,1.66,2.08,3.74,5.07,-0.2,776100
641,Ryan Johnson,LAA,Pitcher,1,1,1,14,14.2,9.82,3.07,2.45,7.36,5.47,-0.2,740000
642,Ben Joyce,LAA,Pitcher,1,0,0,5,4.1,2.08,2.08,2.08,6.23,6.31,-0.2,780000
643,Craig Yoho,MIL,Pitcher,0,0,0,6,7,6.43,9,1.29,9,6.94,-0.2,740000
644,Lance McCullers Jr.,HOU,Pitcher,2,4,0,10,41.2,10.58,5.62,1.94,6.48,5.77,-0.2,17700000
645,Caden Dana,LAA,Pitcher,0,0,0,2,6,9,7.5,3,7.5,7.92,-0.2,740000
646,Cole Henry,WSN,Pitcher,1,1,0,34,33,8.73,4.64,1.36,3.82,5.39,-0.2,760000
647,Forrest Whitley,2 Tms,Pitcher,0,0,0,10,12,9,6,2.25,13.5,6.58,-0.2,740000
648,Dan Altavilla,CHW,Pitcher,0,1,1,18,20.1,6.2,3.1,1.77,1.77,5.59,-0.2,760000
649,Nate Pearson,CHC,Pitcher,0,1,0,8,9.2,3.72,8.38,0.93,13.03,6.7,-0.2,740000
650,Tyler Ferguson,ATH,Pitcher,2,2,1,36,35,8.49,5.66,1.03,6.69,4.82,-0.2,740000
651,Tommy Henry,ARI,Pitcher,0,0,0,2,6.2,10.8,1.35,4.05,4.05,7.43,-0.2,760000
652,Logan Gillaspie,SDP,Pitcher,0,0,0,3,7,5.14,5.14,1.29,2.57,5.94,-0.2,740000
653,Tony Gonsolin,LAD,Pitcher,3,2,0,7,36,9.5,4.5,2.25,5,5.97,-0.2,5400000
654,Troy Taylor,SEA,Pitcher,0,0,0,8,6.2,2.7,4.05,2.7,12.15,8.18,-0.2,740000
655,Sam Aldegheri,LAA,Pitcher,0,0,0,2,4.1,8.31,10.38,2.08,10.38,8.39,-0.2,740000
656,Kyle Nicolas,PIT,Pitcher,0,0,0,10,12,6,6.75,1.5,7.5,6.17,-0.2,740000
657,Brandon Young,BAL,Pitcher,0,4,0,6,26.1,8.54,3.76,2.39,7.52,5.89,-0.2,760000
658,Tyler Holton,DET,Pitcher,4,3,0,40,47.1,7.61,1.52,1.9,3.8,4.65,-0.2,797700
659,Luis Peralta,COL,Pitcher,1,1,0,9,8.1,5.4,8.64,1.08,7.56,6.68,-0.2,740000
660,Colin Poche,2 Tms,Pitcher,1,2,0,14,9.1,10.61,13.5,0.96,12.54,6.62,-0.2,740000
661,José Ruiz,2 Tms,Pitcher,1,0,0,18,16.1,8.27,4.96,1.65,8.82,5.29,-0.2,740000
662,Sean Hjelle,SFG,Pitcher,1,1,0,9,12,6.75,6,1.5,6.75,5.75,-0.2,740000
663,Anthony Maldonado,ATH,Pitcher,0,0,0,6,6,10.5,7.5,4.5,12,9.75,-0.2,740000
664,Kaleb Ort,HOU,Pitcher,1,1,0,29,26.2,8.44,4.39,1.69,5.74,5.11,-0.2,770000
665,Joe La Sorsa,CIN,Pitcher,0,0,0,3,4.2,1.93,3.86,5.79,11.57,12.3,-0.2,740000
666,Ryan Loutos,2 Tms,Pitcher,1,0,0,10,10.1,5.23,6.97,1.74,11.32,7.05,-0.2,740000
667,Miguel Rojas,LAD,Pitcher,0,0,0,4,5,0,3.6,5.4,12.6,12.68,-0.2,740000
668,Roki Sasaki,LAD,Pitcher,1,1,0,7,31.1,6.03,4.88,1.72,4.88,6.15,-0.2,760000
669,J.P. Feyereisen,2 Tms,Pitcher,0,2,0,4,4,9,2.25,4.5,11.25,8.33,-0.2,740000
670,José Suarez,ATL,Pitcher,1,0,0,3,7.1,6.14,8.59,1.23,2.45,6.35,-0.2,740000
671,Carson Seymour,SFG,Pitcher,0,0,0,2,4,4.5,0,6.75,4.5,11.83,-0.2,740000
672,Cam Booser,CHW,Pitcher,1,4,1,30,24.2,9.85,5.11,1.82,5.11,5.47,-0.2,768200
673,Hunter Bigge,TBR,Pitcher,0,0,0,13,15,7.2,3,2.4,2.4,6.15,-0.2,762700
674,Cionel Pérez,BAL,Pitcher,0,0,0,19,21.2,8.72,7.48,1.25,8.31,5.71,-0.2,740000
675,Joe Ross,PHI,Pitcher,2,1,0,29,41.2,6.48,3.24,1.51,5.4,5.05,-0.2,4000000
676,Tristan Beck,SFG,Pitcher,1,0,0,8,13.1,4.73,4.73,1.35,8.1,5.56,-0.2,760000
677,Gregory Santos,SEA,Pitcher,1,1,0,8,7,0,10.29,0,5.14,6.51,-0.2,771100
678,Jesse Hahn,SEA,Pitcher,0,1,0,3,5,5.4,9,1.8,5.4,8.08,-0.2,740000
679,José Castillo,2 Tms,Pitcher,0,2,0,18,17.2,8.66,4.58,1.53,5.6,5.57,-0.2,740000
680,Paul Gervase,TBR,Pitcher,0,0,0,5,6.1,8.53,7.11,4.26,4.26,9.71,-0.2,740000
681,Connor Thomas,MIL,Pitcher,0,0,0,2,5.1,8.44,3.38,5.06,20.25,10.21,-0.2,760000
682,Angel Chivilli,COL,Pitcher,1,4,0,25,35,6.69,4.11,1.54,5.91,5.28,-0.2,740000
683,Anthony DeSclafani,ARI,Pitcher,0,1,1,6,16.1,9.37,2.2,2.76,4.96,6.27,-0.2,2000000
684,Erik Swanson,TOR,Pitcher,1,0,0,6,5.1,5.06,8.44,3.38,15.19,10.21,-0.2,740000
685,Bryce Elder,ATL,Pitcher,3,6,0,15,79.2,7.79,3.16,1.81,5.65,5.17,-0.3,800000
686,Mick Abel,PHI,Pitcher,2,2,0,6,25,7.56,3.24,2.52,5.04,6.24,-0.3,740000
687,Chase Dollander,COL,Pitcher,2,9,0,15,68.2,6.82,4.33,1.97,6.68,5.94,-0.3,740000
688,Daniel Lynch IV,KCR,Pitcher,3,2,1,39,41.2,6.26,4.75,1.08,2.59,5.12,-0.3,782500
689,Kyle Hart,SDP,Pitcher,3,2,0,7,29.1,5.83,1.84,2.45,5.83,5.95,-0.3,770000
690,Richard Lovelady,2 Tms,Pitcher,0,1,0,8,8.1,8.64,5.4,2.16,10.8,7.52,-0.3,740000
691,Tommy Kahnle,DET,Pitcher,1,2,9,40,38,7.58,3.32,1.42,4.5,4.63,-0.3,7750000
692,José Leclerc,ATH,Pitcher,0,1,0,10,9,8,5,3,6,7.3,-0.3,10000000
693,Michel Otañez,ATH,Pitcher,0,0,0,6,5.1,10.13,8.44,3.38,13.5,9.08,-0.3,740000
694,Sam Long,KCR,Pitcher,0,2,0,15,14.2,7.36,6.14,1.84,9.82,6.35,-0.3,950000
695,Edwin Uceta,TBR,Pitcher,5,2,1,41,40.2,11.73,3.76,1.99,5.53,4.9,-0.3,815000
696,Yoendrys Gómez,3 Tms,Pitcher,1,1,1,12,17.2,6.62,6.62,1.53,6.62,6.2,-0.3,740000
697,Anthony Veneziano,MIA,Pitcher,0,0,0,24,21,8.57,4.29,1.71,4.71,5.22,-0.3,740000
698,Thomas Harrington,PIT,Pitcher,0,1,1,2,8,7.88,5.63,3.38,10.13,8.08,-0.3,740000
699,Keider Montero,DET,Pitcher,4,1,0,13,65,6.23,3.05,1.66,4.02,5.21,-0.3,760000
700,Bradley Blalock,COL,Pitcher,0,2,0,6,21.2,3.74,2.49,2.49,9.97,6.82,-0.3,762000
701,Tayler Scott,2 Tms,Pitcher,1,2,0,23,25.2,8.06,5.61,1.4,6.66,5.3,-0.3,740000
702,Garrett McDaniels,LAA,Pitcher,0,0,0,10,10.2,5.06,6.75,1.69,5.91,6.93,-0.3,740000
703,Chase Petty,CIN,Pitcher,0,3,0,3,6,10.5,12,4.5,19.5,11.75,-0.3,740000
704,Seth Halvorsen,COL,Pitcher,1,2,8,37,35.2,8.07,4.29,1.77,5.3,5.27,-0.3,762000
705,Ryan Fernandez,STL,Pitcher,0,2,0,11,8.2,7.27,5.19,2.08,11.42,6.2,-0.3,740000
706,Clayton Beeter,NYY,Pitcher,0,1,0,2,3.2,2.45,9.82,4.91,14.73,12.9,-0.3,740000
707,Eli Morgan,CHC,Pitcher,0,1,0,6,6,4.5,4.5,4.5,15,10.08,-0.3,950000
708,Blade Tidwell,NYM,Pitcher,1,1,0,4,15,6,6,2.4,9,7.42,-0.3,740000
709,Shaun Anderson,LAA,Pitcher,1,0,0,6,10.2,8.44,2.53,3.38,7.59,6.93,-0.3,740000
710,Génesis Cabrera,3 Tms,Pitcher,0,0,0,20,23.1,7.33,2.7,2.31,6.17,5.82,-0.3,760000
711,Jesse Chavez,ATL,Pitcher,0,1,0,4,8,9,5.63,4.5,9,9.46,-0.3,740000
712,Anthony Banda,LAD,Pitcher,4,1,0,42,40.1,7.14,4.91,1.34,4.24,5.21,-0.3,1000000
713,Chase Shugart,PIT,Pitcher,4,3,0,32,39,5.08,3.46,1.38,3.69,5.18,-0.3,760000
714,Carlos Vargas,SEA,Pitcher,3,5,1,42,44.2,6.45,3.83,1.01,3.43,4.45,-0.3,761200
715,Zach Brzykcy,WSN,Pitcher,0,1,0,23,20.2,9.58,4.35,2.61,7.4,6.32,-0.3,740000
716,Ryan Rolison,COL,Pitcher,0,0,0,20,26,5.54,4.15,2.08,7.62,6.24,-0.3,760000
717,Chayce McDermott,BAL,Pitcher,0,1,0,2,7.2,8.22,9.39,3.52,8.22,9.86,-0.4,740000
718,Zach Eflin,BAL,Pitcher,6,5,0,12,62,6.1,1.6,2.32,5.95,5.71,-0.4,740000
719,Zach Agnos,COL,Pitcher,1,3,4,24,27,5.33,3.67,1.67,5.33,5.53,-0.4,760000
720,Luke Jackson,TEX,Pitcher,2,5,9,37,32.1,6.4,5.01,1.11,4.45,5.12,-0.4,1500000
721,Tanner Houck,BOS,Pitcher,0,3,0,9,43.2,6.6,3.5,2.06,8.04,6.1,-0.4,3950000
722,Landon Knack,LAD,Pitcher,2,2,0,8,36.2,7.85,4.42,2.45,5.4,6.52,-0.4,740000
723,Joey Estes,ATH,Pitcher,0,2,0,2,7,6.43,7.71,5.14,15.43,12.08,-0.4,740000
724,Noah Davis,LAD,Pitcher,0,1,0,5,6,12,7.5,4.5,19.5,11.42,-0.4,740000
725,John King,STL,Pitcher,2,0,0,36,34.2,5.19,3.12,1.56,5.45,5.22,-0.4,1605000
726,Zach Pop,2 Tms,Pitcher,0,1,0,5,6.2,4.05,2.7,5.4,14.85,11.33,-0.4,740000
727,Elvin Rodriguez,MIL,Pitcher,0,2,0,6,18.2,8.2,3.38,3.38,8.68,7.42,-0.4,740000
728,Tim Herrin,CLE,Pitcher,4,2,0,37,29.1,8.59,6.75,0.92,3.99,5.26,-0.4,740000
729,Emerson Hancock,SEA,Pitcher,3,5,0,15,77.1,6.17,3.49,1.75,5.47,5.59,-0.4,740000
730,Carson Palmquist,COL,Pitcher,0,4,0,7,30.2,6.46,5.28,2.35,7.63,7.09,-0.4,740000
731,George Soriano,MIA,Pitcher,1,0,0,12,20.1,9.3,4.87,2.66,7.97,6.77,-0.4,740000
732,Gunnar Hoglund,ATH,Pitcher,1,3,0,6,32.1,6.4,3.06,2.78,6.4,6.7,-0.5,760000
733,Lucas Sims,WSN,Pitcher,1,0,0,18,12.1,9.49,10.22,1.46,13.86,8.19,-0.5,740000
734,Nestor Cortes,MIL,Pitcher,1,1,0,2,8,9,7.88,5.63,9,11.83,-0.5,7600000
735,Porter Hodge,CHC,Pitcher,2,1,2,25,22.2,9.53,4.37,2.38,7.15,5.86,-0.5,767000
736,Joe Mantiply,ARI,Pitcher,0,1,0,10,9.2,7.45,2.79,4.66,15.83,9.39,-0.5,740000
737,Scott Blewett,3 Tms,Pitcher,3,0,0,26,44.1,7.11,3.65,1.83,5.48,5.43,-0.5,760000
738,Didier Fuentes,ATL,Pitcher,0,3,0,4,13,8.31,4.15,4.15,13.85,9.08,-0.5,740000
739,Eduardo Salazar,WSN,Pitcher,0,1,0,30,29,7.14,4.97,2.17,8.38,6.39,-0.5,740000
740,Colin Holderman,PIT,Pitcher,0,1,0,14,15,6.6,6.6,1.8,9,6.82,-0.5,740000
741,Beau Brieske,DET,Pitcher,1,3,1,22,22,6.55,4.91,2.05,6.55,6.22,-0.5,740000
742,Jonathan Loáisiga,NYY,Pitcher,0,1,0,22,23.1,8.49,2.31,2.7,5.01,6,-0.5,5000000
743,Alexis Díaz,CIN,Pitcher,0,0,0,6,6,4.5,7.5,6,12,14.25,-0.5,740000
744,Osvaldo Bido,ATH,Pitcher,2,4,0,13,52.1,6.19,4.13,2.06,5.68,6.29,-0.6,765000
745,Bryse Wilson,CHW,Pitcher,0,2,0,19,45.1,5.36,3.77,2.18,6.95,6.43,-0.6,740000
746,Scott Alexander,2 Tms,Pitcher,1,1,0,21,17.2,4.08,4.58,2.55,6.11,7.55,-0.6,740000
747,Chad Green,TOR,Pitcher,3,2,1,41,40,7.2,2.93,2.25,3.6,5.86,-0.6,10500000
748,Trent Thornton,SEA,Pitcher,2,0,0,28,34.2,6.49,3.63,1.56,4.67,5.45,-0.6,2000000
749,Walker Buehler,BOS,Pitcher,6,6,0,16,78,7.27,4.04,1.96,6.12,5.95,-0.6,21050000
750,Ryan Zeferjahn,LAA,Pitcher,5,3,2,40,35,10.54,5.66,2.06,5.66,5.77,-0.6,770000
751,Alek Jacob,SDP,Pitcher,1,0,0,22,23.1,6.94,3.86,2.31,6.94,6.94,-0.7,764500
752,Kyle Gibson,BAL,Pitcher,0,3,0,4,12.1,7.3,5.11,5.11,16.78,10.54,-0.7,740000
753,Jackson Rutledge,WSN,Pitcher,1,1,0,32,40.1,8.03,3.57,2.68,6.92,6.73,-0.7,760000
754,Bowden Francis,TOR,Pitcher,2,8,0,14,64,7.59,3.8,2.67,6.05,6.8,-0.9,781500
